testcase,transition,emission,strategy,epochs_run,total_bits,storage_bits,timing_bits,total_errors,storage_errors,timing_errors,ber,goodput_bits_per_epoch,state_accuracy,mean_adaptation_error,max_adaptation_error,mean_storage_ratio,mean_timing_ratio,observations,true_states,inferred_states,ratios_used
baseline_multistage,A1,B1,M1,18,1136,708,428,90,49,41,0.07922535211267606,58.111111111111114,0.9444444444444444,0.1111111111111111,2,0.6170898147621278,0.3829101852378723,"[0, 0, 0, 0, 0, 0, 0, 0, 0, 0, 2, 2, 2, 2, 2, 2, 2, 2]","[0, 0, 0, 0, 0, 0, 0, 0, 0, 0, 2, 2, 2, 2, 2, 2, 2, 2]","[0, 0, 0, 0, 0, 0, 0, 0, 0, 0, 0, 2, 2, 2, 2, 2, 2, 2]","[[0.8025, 0.19750000000000004], [0.8857322462663821, 0.11426775373361782], [0.8926480759449731, 0.10735192405502697], [0.8932487623383458, 0.10675123766165423], [0.893302549305087, 0.10669745069491286], [0.8933074000415889, 0.10669259995841104], [0.8933078381270794, 0.10669216187292066], [0.8933078777027424, 0.10669212229725758], [0.8933078812781008, 0.10669211872189925], [0.89330788160111, 0.10669211839888995], [0.8933078816302918, 0.10669211836970821], [0.36933523430489845, 0.6306647656951017], [0.17942299677245194, 0.820577003227548], [0.16707947265835038, 0.8329205273416496], [0.1661894905273189, 0.8338105094726811], [0.1661092096859586, 0.8338907903140413], [0.16610132989463017, 0.8338986701053699], [0.16610053763898894, 0.8338994623610111]]"
baseline_multistage,A1,B1,M2,18,1136,675,461,86,56,30,0.07570422535211267,58.333333333333336,0.9444444444444444,0.1111111111111111,2,0.5868963599986151,0.41310364000138483,"[0, 0, 0, 0, 0, 0, 0, 0, 0, 0, 2, 2, 2, 2, 2, 2, 2, 2]","[0, 0, 0, 0, 0, 0, 0, 0, 0, 0, 2, 2, 2, 2, 2, 2, 2, 2]","[0, 0, 0, 0, 0, 0, 0, 0, 0, 0, 0, 2, 2, 2, 2, 2, 2, 2]","[[0.7625, 0.23750000000000002], [0.8373857055775679, 0.1626142944224322], [0.8435035482170522, 0.15649645178294785], [0.8440326935847068, 0.15596730641529327], [0.8440800356077895, 0.1559199643922105], [0.8440843044599067, 0.15591569554009327], [0.8440846899827446, 0.15591531001725553], [0.844084724809836, 0.15591527519016407], [0.8440847279561942, 0.1559152720438058], [0.8440847282404462, 0.15591527175955383], [0.8440847282661265, 0.1559152717338735], [0.35810741614540587, 0.6418925838545941], [0.1788917774338351, 0.8211082225661649], [0.16697562248332204, 0.8330243775166779], [0.1661011385331578, 0.8338988614668422], [0.16602168509793724, 0.8339783149020628], [0.166013869892725, 0.833986130107275], [0.16601308368631934, 0.8339869163136806]]"
baseline_multistage,A1,B1,M3,18,1136,867,269,112,93,19,0.09859154929577464,56.888888888888886,0.9444444444444444,0.1111111111111111,2,0.7557356314175397,0.24426436858246026,"[0, 0, 0, 0, 0, 0, 0, 0, 0, 0, 2, 2, 2, 2, 2, 2, 2, 2]","[0, 0, 0, 0, 0, 0, 0, 0, 0, 0, 2, 2, 2, 2, 2, 2, 2, 2]","[0, 0, 0, 0, 0, 0, 0, 0, 0, 0, 0, 2, 2, 2, 2, 2, 2, 2]","[[0.8724999999999999, 0.12749999999999997], [0.8973064614446815, 0.10269353855531851], [0.8986363818495268, 0.10136361815047323], [0.8987362810628724, 0.1012637189371276], [0.8987449534240038, 0.10125504657599624], [0.8987457309698133, 0.10125426903018678], [0.8987458011167352, 0.10125419888326487], [0.898745807452397, 0.10125419254760311], [0.8987458080247547, 0.10125419197524531], [0.8987458080764629, 0.10125419192353702], [0.8987458080811344, 0.10125419191886552], [0.6407405071884508, 0.35925949281154923], [0.5257044614021341, 0.4742955385978659], [0.516352521433152, 0.4836474785668479], [0.5155710265681913, 0.4844289734318087], [0.5154965375698091, 0.484503462430191], [0.5154891098812944, 0.48451089011870563], [0.5154883599703018, 0.4845116400296982]]"
baseline_multistage,A1,B2,M1,18,1136,736,400,109,72,37,0.09595070422535211,57.05555555555556,0.8888888888888888,0.2222222222222222,2,0.6422154381047276,0.3577845618952724,"[0, 0, 0, 0, 0, 0, 0, 0, 0, 0, 2, 2, 2, 2, 2, 2, 2, 2]","[0, 0, 0, 0, 0, 0, 0, 0, 0, 0, 2, 2, 2, 2, 2, 2, 2, 2]","[0, 0, 0, 0, 0, 0, 0, 0, 0, 0, 0, 0, 2, 2, 2, 2, 2, 2]","[[0.8025, 0.19750000000000004], [0.8574159373560571, 0.1425840626439429], [0.8711665178343123, 0.1288334821656878], [0.8744511095294077, 0.1255488904705922], [0.8752341691723163, 0.12476583082768371], [0.8754215408351406, 0.12457845916485943], [0.8754664925461473, 0.12453350745385265], [0.8754772913053648, 0.12452270869463532], [0.8754798871175167, 0.12452011288248342], [0.8754805112732942, 0.12451948872670586], [0.8754806613677841, 0.12451933863221586], [0.6179189311946792, 0.3820810688053209], [0.3486931496916312, 0.6513068503083689], [0.23839542454185775, 0.7616045754581422], [0.21075209889522745, 0.7892479011047725], [0.20455977130708197, 0.795440228692918], [0.2031565705674811, 0.796843429432519], [0.20282782134979757, 0.7971721786502024]]"
baseline_multistage,A1,B2,M2,18,1136,702,434,90,56,34,0.07922535211267606,58.111111111111114,0.8888888888888888,0.2222222222222222,2,0.6114663488077267,0.38853365119227334,"[0, 0, 0, 0, 0, 0, 0, 0, 0, 0, 2, 2, 2, 2, 2, 2, 2, 2]","[0, 0, 0, 0, 0, 0, 0, 0, 0, 0, 2, 2, 2, 2, 2, 2, 2, 2]","[0, 0, 0, 0, 0, 0, 0, 0, 0, 0, 0, 0, 2, 2, 2, 2, 2, 2]","[[0.7625, 0.23750000000000002], [0.8119530170428374, 0.1880469829571626], [0.8242554120558142, 0.1757445879441859], [0.8271851933577342, 0.17281480664226584], [0.8278827318050666, 0.17211726819493342], [0.8280495440074429, 0.1719504559925571], [0.8280895536184618, 0.17191044638153807], [0.8280991641481684, 0.17190083585183158], [0.8281014742330866, 0.17189852576691345], [0.8281020296764491, 0.17189797032355092], [0.8281021632462311, 0.17189783675376885], [0.5906939448224283, 0.4093060551775718], [0.33958757796180117, 0.6604124220381989], [0.23585858122637704, 0.764141418773623], [0.20966645022692382, 0.7903335497730762], [0.20375901325451734, 0.7962409867454826], [0.2024126364607261, 0.797587363539274], [0.20209579139501432, 0.7979042086049857]]"
baseline_multistage,A1,B2,M3,18,1136,885,251,131,107,24,0.1153169014084507,55.833333333333336,0.8888888888888888,0.2222222222222222,2,0.7769718130257209,0.22302818697427895,"[0, 0, 0, 0, 0, 0, 0, 0, 0, 0, 2, 2, 2, 2, 2, 2, 2, 2]","[0, 0, 0, 0, 0, 0, 0, 0, 0, 0, 2, 2, 2, 2, 2, 2, 2, 2]","[0, 0, 0, 0, 0, 0, 0, 0, 0, 0, 0, 0, 2, 2, 2, 2, 2, 2]","[[0.8724999999999999, 0.12749999999999997], [0.8891754951635191, 0.11082450483648089], [0.8927887773848254, 0.10721122261517461], [0.8935896963276925, 0.10641030367230753], [0.8937741076015683, 0.10622589239843175], [0.8938175630412569, 0.10618243695874308], [0.8938279200523492, 0.10617207994765064], [0.8938304012049906, 0.10616959879500945], [0.8938309969265065, 0.1061690030734936], [0.8938311400953787, 0.10616885990462141], [0.8938311745169129, 0.10616882548308718], [0.7773440265889227, 0.22265597341107723], [0.634954147582821, 0.365045852417179], [0.5706375213334928, 0.42936247866650723], [0.5531525582171019, 0.4468474417828982], [0.5489544649391297, 0.45104553506087036], [0.5479490318201962, 0.4520509681798038], [0.5477036116663149, 0.45229638833368513]]"
baseline_multistage,A1,B3,M1,18,1136,764,372,107,83,24,0.09419014084507042,57.166666666666664,0.8333333333333334,0.3333333333333333,2,0.6709481214544292,0.3290518785455709,"[0, 0, 0, 0, 0, 0, 0, 0, 0, 0, 2, 2, 2, 2, 2, 2, 2, 2]","[0, 0, 0, 0, 0, 0, 0, 0, 0, 0, 2, 2, 2, 2, 2, 2, 2, 2]","[0, 0, 0, 0, 0, 0, 0, 0, 0, 0, 0, 0, 0, 2, 2, 2, 2, 2]","[[0.8025, 0.19750000000000004], [0.818421833283892, 0.181578166716108], [0.8264406321667856, 0.1735593678332144], [0.8302589444346318, 0.16974105556536823], [0.8320273254042474, 0.16797267459575263], [0.8328348787162039, 0.16716512128379601], [0.8332009906918607, 0.16679900930813935], [0.8333663406052807, 0.16663365939471925], [0.83344086799523, 0.16655913200476996], [0.8334744228963592, 0.16652557710364085], [0.8334895216111137, 0.16651047838888644], [0.6947466673094571, 0.3052533326905429], [0.5535125284210544, 0.44648747157894575], [0.4397684811204709, 0.5602315188795292], [0.36528246972448297, 0.634717530275517], [0.32306406939292936, 0.6769359306070707], [0.3010873611785664, 0.6989126388214336], [0.290148851227158, 0.709851148772842]]"
baseline_multistage,A1,B3,M2,18,1136,734,402,100,78,22,0.0880281690140845,57.55555555555556,0.8333333333333334,0.3333333333333333,2,0.6396837143253236,0.3603162856746764,"[0, 0, 0, 0, 0, 0, 0, 0, 0, 0, 2, 2, 2, 2, 2, 2, 2, 2]","[0, 0, 0, 0, 0, 0, 0, 0, 0, 0, 2, 2, 2, 2, 2, 2, 2, 2]","[0, 0, 0, 0, 0, 0, 0, 0, 0, 0, 0, 0, 0, 2, 2, 2, 2, 2]","[[0.7625, 0.23750000000000002], [0.7765944823494512, 0.22340551765054883], [0.7837595008626125, 0.21624049913738747], [0.7871871825369691, 0.21281281746303088], [0.788778568614722, 0.21122143138527807], [0.7895062745131907, 0.2104937254868094], [0.7898364337904974, 0.21016356620950255], [0.7899856086308521, 0.210014391369148], [0.7900528613773159, 0.20994713862268416], [0.790083145008646, 0.2099168549913541], [0.7900967727754485, 0.20990322722455151], [0.6624709041522571, 0.337529095847743], [0.5316586910726125, 0.46834130892738746], [0.42587223577796, 0.57412776422204], [0.3564092410568489, 0.6435907589431511], [0.31696236684050666, 0.6830376331594933], [0.2963992502733889, 0.703600749726611], [0.2861533382225457, 0.7138466617774544]]"
baseline_multistage,A1,B3,M3,18,1136,911,225,132,117,15,0.11619718309859155,55.77777777777778,0.8333333333333334,0.3333333333333333,2,0.8020972715506907,0.1979027284493094,"[0, 0, 0, 0, 0, 0, 0, 0, 0, 0, 2, 2, 2, 2, 2, 2, 2, 2]","[0, 0, 0, 0, 0, 0, 0, 0, 0, 0, 2, 2, 2, 2, 2, 2, 2, 2]","[0, 0, 0, 0, 0, 0, 0, 0, 0, 0, 0, 0, 0, 2, 2, 2, 2, 2]","[[0.8724999999999999, 0.12749999999999997], [0.8756303767428063, 0.1243696232571937], [0.8776727130375739, 0.12232728696242613], [0.8787566111509931, 0.12124338884900697], [0.8792860278775693, 0.12071397212243071], [0.8795346492951105, 0.12046535070488944], [0.8796490923823179, 0.12035090761768202], [0.8797012167842796, 0.12029878321572035], [0.8797248216698308, 0.12027517833016926], [0.8797354776823664, 0.12026452231763367], [0.8797402797614581, 0.12025972023854198], [0.8188163252090568, 0.18118367479094327], [0.7505356669819625, 0.24946433301803753], [0.6924947637228946, 0.3075052362771054], [0.6531698690510448, 0.3468301309489552], [0.6303521515259707, 0.3696478484740293], [0.6182705848423243, 0.38172941515767567], [0.6121802601948719, 0.38781973980512807]]"
baseline_multistage,A2,B1,M1,18,1136,686,450,74,46,28,0.06514084507042253,59.0,0.9444444444444444,0.1111111111111111,2,0.5995222847111426,0.4004777152888576,"[0, 0, 0, 0, 0, 0, 0, 0, 0, 0, 2, 2, 2, 2, 2, 2, 2, 2]","[0, 0, 0, 0, 0, 0, 0, 0, 0, 0, 2, 2, 2, 2, 2, 2, 2, 2]","[0, 0, 0, 0, 0, 0, 0, 0, 0, 0, 0, 2, 2, 2, 2, 2, 2, 2]","[[0.8025, 0.19750000000000004], [0.8600419120978705, 0.1399580879021296], [0.8638248616430464, 0.1361751383569537], [0.8640929129213419, 0.13590708707865803], [0.8641123341043276, 0.13588766589567242], [0.8641137473634628, 0.1358862526365373], [0.8641138502850582, 0.13588614971494176], [0.8641138577814164, 0.13588614221858353], [0.8641138583274313, 0.13588614167256882], [0.8641138583672017, 0.13588614163279839], [0.8641138583700984, 0.1358861416299016], [0.2544806090955036, 0.7455193909044964], [0.18708085355188747, 0.8129191464481126], [0.18239987867161978, 0.8176001213283802], [0.1820653041640608, 0.8179346958359391], [0.18204103010382927, 0.8179589698961707], [0.1820392633125197, 0.8179607366874804], [0.18203913463988752, 0.8179608653601125]]"
baseline_multistage,A2,B1,M2,18,1136,654,482,94,53,41,0.08274647887323944,57.888888888888886,0.9444444444444444,0.1111111111111111,2,0.5716165054591914,0.42838349454080854,"[0, 0, 0, 0, 0, 0, 0, 0, 0, 0, 2, 2, 2, 2, 2, 2, 2, 2]","[0, 0, 0, 0, 0, 0, 0, 0, 0, 0, 2, 2, 2, 2, 2, 2, 2, 2]","[0, 0, 0, 0, 0, 0, 0, 0, 0, 0, 0, 2, 2, 2, 2, 2, 2, 2]","[[0.7625, 0.23750000000000002], [0.8146748980516538, 0.1853251019483462], [0.8180450513482238, 0.18195494865177625], [0.8182829645202854, 0.18171703547971457], [0.8183001906293581, 0.18169980937064195], [0.8183014440110232, 0.18169855598897686], [0.8183015352876236, 0.1816984647123765], [0.8183015419357887, 0.18169845806421128], [0.8183015424200231, 0.18169845757997696], [0.8183015424552935, 0.18169845754470648], [0.8183015424578626, 0.18169845754213745], [0.2519600661996043, 0.7480399338003957], [0.1866495432566296, 0.8133504567433704], [0.18205359852964914, 0.8179464014703509], [0.1817242410111313, 0.8182757589888687], [0.18170033441844322, 0.8182996655815568], [0.18169859423471588, 0.8183014057652842], [0.18169846749813762, 0.8183015325018623]]"
baseline_multistage,A2,B1,M3,18,1136,859,277,125,104,21,0.11003521126760564,56.166666666666664,0.9444444444444444,0.1111111111111111,2,0.7541818299474861,0.24581817005251402,"[0, 0, 0, 0, 0, 0, 0, 0, 0, 0, 2, 2, 2, 2, 2, 2, 2, 2]","[0, 0, 0, 0, 0, 0, 0, 0, 0, 0, 2, 2, 2, 2, 2, 2, 2, 2]","[0, 0, 0, 0, 0, 0, 0, 0, 0, 0, 0, 2, 2, 2, 2, 2, 2, 2]","[[0.8724999999999999, 0.12749999999999997], [0.8924728137743544, 0.1075271862256457], [0.8933661895792884, 0.10663381042071167], [0.8934232741139461, 0.10657672588605388], [0.8934273297795409, 0.10657267022045915], [0.8934276238963859, 0.10657237610361418], [0.893427645303015, 0.1065723546969849], [0.8934276468620221, 0.10657235313797782], [0.8934276469755742, 0.1065723530244259], [0.8934276469838449, 0.10657235301615507], [0.8934276469844473, 0.10657235301555262], [0.5868368088242089, 0.4131631911757912], [0.5340616814850826, 0.46593831851491746], [0.5299759176778254, 0.4700240823221747], [0.5296778620935543, 0.4703221379064457], [0.5296561603061268, 0.47034383969387317], [0.5296545797678929, 0.4703454202321072], [0.5296544646476381, 0.47034553535236184]]"
baseline_multistage,A2,B2,M1,18,1136,680,456,100,61,39,0.0880281690140845,57.55555555555556,0.9444444444444444,0.1111111111111111,2,0.5905028669411092,0.4094971330588908,"[0, 0, 0, 0, 0, 0, 0, 0, 0, 0, 2, 2, 2, 2, 2, 2, 2, 2]","[0, 0, 0, 0, 0, 0, 0, 0, 0, 0, 2, 2, 2, 2, 2, 2, 2, 2]","[0, 0, 0, 0, 0, 0, 0, 0, 0, 0, 0, 2, 2, 2, 2, 2, 2, 2]","[[0.8025, 0.19750000000000004], [0.7924242424242425, 0.20757575757575755], [0.7901039616569033, 0.2098960383430966], [0.7896374613260333, 0.21036253867396676], [0.7895470957171525, 0.21045290428284733], [0.7895297909848817, 0.21047020901511834], [0.7895264892328641, 0.21047351076713597], [0.7895258599875975, 0.21047414001240244], [0.7895257401108567, 0.2104742598891433], [0.7895257172759718, 0.21047428272402827], [0.7895257129264001, 0.2104742870736], [0.3879091020795609, 0.6120908979204391], [0.2783121630969265, 0.7216878369030735], [0.2562097470416051, 0.743790252958395], [0.25199557771052356, 0.7480044222894765], [0.25119540917604843, 0.7488045908239516], [0.25104324908517367, 0.7489567509148264], [0.25101428510722384, 0.7489857148927762]]"
baseline_multistage,A2,B2,M2,18,1136,647,489,106,65,41,0.09330985915492958,57.22222222222222,0.9444444444444444,0.1111111111111111,2,0.5656963209446545,0.4343036790553456,"[0, 0, 0, 0, 0, 0, 0, 0, 0, 0, 2, 2, 2, 2, 2, 2, 2, 2]","[0, 0, 0, 0, 0, 0, 0, 0, 0, 0, 2, 2, 2, 2, 2, 2, 2, 2]","[0, 0, 0, 0, 0, 0, 0, 0, 0, 0, 0, 2, 2, 2, 2, 2, 2, 2]","[[0.7625, 0.23750000000000002], [0.753896103896104, 0.2461038961038961], [0.751829169464447, 0.24817083053555303], [0.7514093868994733, 0.24859061310052666], [0.7513278301825218, 0.24867216981747828], [0.7513121980271181, 0.24868780197288187], [0.7513092145443842, 0.24869078545561588], [0.7513086459027939, 0.24869135409720614], [0.7513085375684547, 0.24869146243154527], [0.7513085169320509, 0.24869148306794914], [0.7513085130012327, 0.2486914869987673], [0.3791424072793826, 0.6208575927206175], [0.2749273323566456, 0.7250726676433544], [0.25370449926260513, 0.7462955007373949], [0.2496445377168141, 0.7503554622831858], [0.24887281201922412, 0.7511271879807759], [0.2487260095893098, 0.7512739904106902], [0.24869806236121686, 0.7513019376387832]]"
baseline_multistage,A2,B2,M3,18,1136,875,261,129,109,20,0.11355633802816902,55.94444444444444,0.9444444444444444,0.1111111111111111,2,0.7668570449659254,0.2331429550340746,"[0, 0, 0, 0, 0, 0, 0, 0, 0, 0, 2, 2, 2, 2, 2, 2, 2, 2]","[0, 0, 0, 0, 0, 0, 0, 0, 0, 0, 2, 2, 2, 2, 2, 2, 2, 2]","[0, 0, 0, 0, 0, 0, 0, 0, 0, 0, 0, 2, 2, 2, 2, 2, 2, 2]","[[0.8724999999999999, 0.12749999999999997], [0.8727272727272727, 0.12727272727272726], [0.8721804163097084, 0.1278195836902915], [0.8720409403401138, 0.12795905965988624], [0.8720122369747362, 0.12798776302526382], [0.872006640280537, 0.1279933597194631], [0.8720055664135048, 0.12799443358649523], [0.8720053613939719, 0.12799463860602817], [0.8720053223140429, 0.12799467768595713], [0.8720053148685255, 0.12799468513147452], [0.872005313450229, 0.12799468654977103], [0.6765422384783126, 0.32345776152168737], [0.6046183479149604, 0.39538165208503967], [0.5886730125886053, 0.41132698741139484], [0.5855382977545577, 0.4144617022454424], [0.5849372290782782, 0.4150627709217219], [0.5848225726141266, 0.41517742738587343], [0.5848007258851752, 0.4151992741148249]]"
baseline_multistage,A2,B3,M1,18,1136,651,485,114,79,35,0.10035211267605634,56.77777777777778,0.9444444444444444,0.1111111111111111,2,0.5724262644960078,0.42757373550399236,"[0, 0, 0, 0, 0, 0, 0, 0, 0, 0, 2, 2, 2, 2, 2, 2, 2, 2]","[0, 0, 0, 0, 0, 0, 0, 0, 0, 0, 2, 2, 2, 2, 2, 2, 2, 2]","[0, 0, 0, 0, 0, 0, 0, 0, 0, 0, 0, 2, 2, 2, 2, 2, 2, 2]","[[0.8025, 0.19750000000000004], [0.7164714235001776, 0.28352857649982255], [0.6907812008802263, 0.3092187991197736], [0.6828607366652998, 0.3171392633347003], [0.680398362197914, 0.319601637802086], [0.6796311624718354, 0.3203688375281646], [0.6793919955392976, 0.3206080044607024], [0.6793174283875499, 0.3206825716124501], [0.6792941794416053, 0.3207058205583947], [0.6792869307577287, 0.3207130692422713], [0.6792846707281837, 0.32071532927181645], [0.4669136041285397, 0.5330863958714602], [0.39163830283481116, 0.6083616971651888], [0.36716127326287, 0.6328387267371299], [0.3594344518985004, 0.6405655481014996], [0.35701703009825864, 0.6429829699017414], [0.35626263406850994, 0.64373736593149], [0.35602737406682905, 0.6439726259331711]]"
baseline_multistage,A2,B3,M2,18,1136,632,504,100,72,28,0.0880281690140845,57.55555555555556,0.9444444444444444,0.1111111111111111,2,0.5510249178427509,0.44897508215724913,"[0, 0, 0, 0, 0, 0, 0, 0, 0, 0, 2, 2, 2, 2, 2, 2, 2, 2]","[0, 0, 0, 0, 0, 0, 0, 0, 0, 0, 2, 2, 2, 2, 2, 2, 2, 2]","[0, 0, 0, 0, 0, 0, 0, 0, 0, 0, 0, 2, 2, 2, 2, 2, 2, 2]","[[0.7625, 0.23750000000000002], [0.684877529286475, 0.31512247071352506], [0.6614390128890286, 0.33856098711097143], [0.654184318273953, 0.34581568172604704], [0.6519257249326647, 0.34807427506733535], [0.6512216546862863, 0.34877834531371366], [0.6510021265656936, 0.34899787343430655], [0.6509336776932783, 0.3490663223067218], [0.6509123358043405, 0.34908766419565945], [0.6509056816525179, 0.34909431834748206], [0.6509036069821375, 0.34909639301786255], [0.45377624346699463, 0.5462237565330054], [0.3829196187520925, 0.6170803812479074], [0.3597574791243044, 0.6402425208756956], [0.3524314425417508, 0.6475685574582491], [0.35013776654164, 0.64986223345836], [0.34942179959496095, 0.650578200405039], [0.3491985023813975, 0.6508014976186026]]"
baseline_multistage,A2,B3,M3,18,1136,878,258,147,128,19,0.12940140845070422,54.94444444444444,0.9444444444444444,0.1111111111111111,2,0.7726168379232106,0.2273831620767895,"[0, 0, 0, 0, 0, 0, 0, 0, 0, 0, 2, 2, 2, 2, 2, 2, 2, 2]","[0, 0, 0, 0, 0, 0, 0, 0, 0, 0, 2, 2, 2, 2, 2, 2, 2, 2]","[0, 0, 0, 0, 0, 0, 0, 0, 0, 0, 0, 2, 2, 2, 2, 2, 2, 2]","[[0.8724999999999999, 0.12749999999999997], [0.8453141640042598, 0.15468583599574015], [0.8353858849418422, 0.16461411505815782], [0.8321258079258724, 0.16787419207412768], [0.8310899013411686, 0.16891009865883147], [0.830764607972992, 0.16923539202700807], [0.8306629127240691, 0.169337087275931], [0.8306311735276484, 0.16936882647235169], [0.8306212739807517, 0.1693787260192483], [0.8306181870212533, 0.16938181297874666], [0.8306172245058604, 0.16938277549413966], [0.724952079497724, 0.275047920502276], [0.6806075142557808, 0.3193924857442193], [0.6653347142929104, 0.3346652857070896], [0.6604133864012535, 0.3395866135987465], [0.6588621852019282, 0.34113781479807187], [0.6583767927536671, 0.34162320724633294], [0.6582252722688082, 0.3417747277311919]]"
baseline_multistage,A3,B1,M1,18,1136,679,457,84,50,34,0.07394366197183098,58.44444444444444,0.9444444444444444,0.1111111111111111,2,0.5923245922912677,0.4076754077087324,"[0, 0, 0, 0, 0, 0, 0, 0, 0, 0, 2, 2, 2, 2, 2, 2, 2, 2]","[0, 0, 0, 0, 0, 0, 0, 0, 0, 0, 2, 2, 2, 2, 2, 2, 2, 2]","[0, 0, 0, 0, 0, 0, 0, 0, 0, 0, 0, 2, 2, 2, 2, 2, 2, 2]","[[0.8025, 0.19750000000000004], [0.8470359925572741, 0.15296400744272592], [0.8472191707936167, 0.1527808292063832], [0.8472201102548702, 0.15277988974512974], [0.8472201152739217, 0.15277988472607834], [0.8472201153009081, 0.15277988469909193], [0.8472201153010532, 0.15277988469894666], [0.847220115301054, 0.15277988469894588], [0.8472201153010541, 0.15277988469894588], [0.847220115301054, 0.15277988469894588], [0.8472201153010541, 0.15277988469894588], [0.19944832165086557, 0.8005516783491344], [0.19798486534567095, 0.8020151346543292], [0.1979787042245555, 0.8020212957754445], [0.19797867246179876, 0.8020213275382013], [0.19797867229196575, 0.8020213277080342], [0.19797867229105248, 0.8020213277089475], [0.19797867229104754, 0.8020213277089524]]"
baseline_multistage,A3,B1,M2,18,1136,646,490,92,52,40,0.08098591549295775,58.0,0.9444444444444444,0.1111111111111111,2,0.5651501118346443,0.43484988816535564,"[0, 0, 0, 0, 0, 0, 0, 0, 0, 0, 2, 2, 2, 2, 2, 2, 2, 2]","[0, 0, 0, 0, 0, 0, 0, 0, 0, 0, 2, 2, 2, 2, 2, 2, 2, 2]","[0, 0, 0, 0, 0, 0, 0, 0, 0, 0, 0, 2, 2, 2, 2, 2, 2, 2]","[[0.7625, 0.23750000000000002], [0.8028157343877195, 0.19718426561228047], [0.8029785040824566, 0.1970214959175434], [0.8029793356077336, 0.19702066439226643], [0.8029793400473387, 0.1970206599526613], [0.8029793400712072, 0.19702065992879275], [0.8029793400713358, 0.19702065992866427], [0.8029793400713364, 0.1970206599286636], [0.8029793400713364, 0.19702065992866358], [0.8029793400713364, 0.1970206599286636], [0.8029793400713364, 0.19702065992866358], [0.19844297303814615, 0.8015570269618538], [0.19702675409088433, 0.8029732459091157], [0.1970206914571895, 0.8029793085428105], [0.19702066009733882, 0.8029793399026612], [0.1970206599295707, 0.8029793400704293], [0.19702065992866846, 0.8029793400713315], [0.1970206599286636, 0.8029793400713364]]"
baseline_multistage,A3,B1,M3,18,1136,862,274,122,96,26,0.1073943661971831,56.333333333333336,0.9444444444444444,0.1111111111111111,2,0.7521032290949049,0.24789677090509515,"[0, 0, 0, 0, 0, 0, 0, 0, 0, 0, 2, 2, 2, 2, 2, 2, 2, 2]","[0, 0, 0, 0, 0, 0, 0, 0, 0, 0, 2, 2, 2, 2, 2, 2, 2, 2]","[0, 0, 0, 0, 0, 0, 0, 0, 0, 0, 0, 2, 2, 2, 2, 2, 2, 2]","[[0.8724999999999999, 0.12749999999999997], [0.8874941853703919, 0.1125058146296081], [0.8875345038154958, 0.11246549618450424], [0.8875346877249138, 0.1124653122750862], [0.8875346886878409, 0.1124653113121591], [0.8875346886930021, 0.11246531130699776], [0.8875346886930301, 0.11246531130697], [0.8875346886930301, 0.11246531130696984], [0.8875346886930302, 0.11246531130696986], [0.8875346886930301, 0.11246531130696984], [0.8875346886930302, 0.11246531130696986], [0.5424108813618298, 0.45758911863817026], [0.5412780865621648, 0.4587219134378352], [0.5412726148529935, 0.45872738514700645], [0.5412725859105793, 0.45872741408942086], [0.5412725857552005, 0.45872741424479946], [0.5412725857543645, 0.4587274142456355], [0.54127258575436, 0.45872741424564]]"
baseline_multistage,A3,B2,M1,18,1136,659,477,95,56,39,0.08362676056338028,57.833333333333336,0.9444444444444444,0.1111111111111111,2,0.5737265255833698,0.4262734744166303,"[0, 0, 0, 0, 0, 0, 0, 0, 0, 0, 2, 2, 2, 2, 2, 2, 2, 2]","[0, 0, 0, 0, 0, 0, 0, 0, 0, 0, 2, 2, 2, 2, 2, 2, 2, 2]","[0, 0, 0, 0, 0, 0, 0, 0, 0, 0, 0, 2, 2, 2, 2, 2, 2, 2]","[[0.8025, 0.19750000000000004], [0.7472763804137521, 0.252723619586248], [0.746815313614414, 0.25318468638558606], [0.7468110609904628, 0.25318893900953715], [0.7468110200046215, 0.2531889799953785], [0.7468110196025242, 0.2531889803974759], [0.7468110195985521, 0.253188980401448], [0.7468110195985127, 0.25318898040148735], [0.7468110195985123, 0.25318898040148774], [0.7468110195985123, 0.25318898040148774], [0.7468110195985123, 0.25318898040148774], [0.2962252933080825, 0.7037747066919174], [0.2933145679703983, 0.7066854320296018], [0.29329170593433074, 0.7067082940656694], [0.29329150163382617, 0.7067084983661738], [0.29329149969124696, 0.706708500308753], [0.2932914996722908, 0.7067085003277093], [0.2932914996721039, 0.7067085003278961]]"
baseline_multistage,A3,B2,M2,18,1136,632,504,113,79,34,0.0994718309859155,56.833333333333336,0.9444444444444444,0.1111111111111111,2,0.5500368180618644,0.4499631819381357,"[0, 0, 0, 0, 0, 0, 0, 0, 0, 0, 2, 2, 2, 2, 2, 2, 2, 2]","[0, 0, 0, 0, 0, 0, 0, 0, 0, 0, 2, 2, 2, 2, 2, 2, 2, 2]","[0, 0, 0, 0, 0, 0, 0, 0, 0, 0, 0, 2, 2, 2, 2, 2, 2, 2]","[[0.7625, 0.23750000000000002], [0.7120628069653222, 0.2879371930346778], [0.7116463009610389, 0.2883536990389612], [0.7116424797421013, 0.2883575202578987], [0.7116424429961032, 0.28835755700389687], [0.7116424426359172, 0.2883575573640828], [0.7116424426323603, 0.2883575573676396], [0.7116424426323251, 0.28835755736767493], [0.7116424426323248, 0.28835755736767527], [0.7116424426323248, 0.28835755736767527], [0.7116424426323248, 0.28835755736767527], [0.29114627205452603, 0.708853727945474], [0.2883797777684506, 0.7116202222315495], [0.2883577574304087, 0.7116422425695913], [0.28835755927617074, 0.7116424407238293], [0.28835755738632307, 0.7116424426136769], [0.2883575573678592, 0.7116424426321409], [0.28835755736767704, 0.7116424426323229]]"
baseline_multistage,A3,B2,M3,18,1136,859,277,117,99,18,0.10299295774647887,56.611111111111114,0.9444444444444444,0.1111111111111111,2,0.757898572932832,0.24210142706716808,"[0, 0, 0, 0, 0, 0, 0, 0, 0, 0, 2, 2, 2, 2, 2, 2, 2, 2]","[0, 0, 0, 0, 0, 0, 0, 0, 0, 0, 2, 2, 2, 2, 2, 2, 2, 2]","[0, 0, 0, 0, 0, 0, 0, 0, 0, 0, 0, 2, 2, 2, 2, 2, 2, 2]","[[0.8724999999999999, 0.12749999999999997], [0.8507813662747433, 0.14921863372525673], [0.8506322250407884, 0.14936777495921166], [0.8506309922519323, 0.1493690077480678], [0.8506309809449933, 0.1493690190550067], [0.8506309808362761, 0.1493690191637239], [0.8506309808352106, 0.1493690191647895], [0.8506309808352, 0.14936901916480003], [0.8506309808352, 0.14936901916480014], [0.8506309808352, 0.14936901916480014], [0.8506309808352, 0.14936901916480014], [0.610672144533187, 0.389327855466813], [0.6087710365567642, 0.3912289634432359], [0.6087540664068769, 0.39124593359312304], [0.608753905130238, 0.3912460948697621], [0.6087539035567796, 0.3912460964432204], [0.6087539035412695, 0.39124609645873065], [0.608753903541116, 0.3912460964588841]]"
baseline_multistage,A3,B3,M1,18,1136,636,500,113,80,33,0.0994718309859155,56.833333333333336,0.9444444444444444,0.1111111111111111,2,0.5543952547180375,0.4456047452819625,"[0, 0, 0, 0, 0, 0, 0, 0, 0, 0, 2, 2, 2, 2, 2, 2, 2, 2]","[0, 0, 0, 0, 0, 0, 0, 0, 0, 0, 2, 2, 2, 2, 2, 2, 2, 2]","[0, 0, 0, 0, 0, 0, 0, 0, 0, 0, 0, 2, 2, 2, 2, 2, 2, 2]","[[0.8025, 0.19750000000000004], [0.6398380375815709, 0.3601619624184291], [0.638127487433026, 0.3618725125669739], [0.6381090101458671, 0.3618909898541329], [0.6381088072347784, 0.3618911927652217], [0.6381088049824442, 0.36189119501755596], [0.6381088049572715, 0.3618911950427285], [0.638108804956989, 0.36189119504301104], [0.6381088049569857, 0.3618911950430142], [0.6381088049569857, 0.36189119504301426], [0.6381088049569857, 0.36189119504301426], [0.4010506878881054, 0.5989493121118947], [0.39880668435735983, 0.6011933156426401], [0.3987843941016697, 0.6012156058983303], [0.39878416346156237, 0.6012158365384376], [0.3987841610023053, 0.6012158389976948], [0.3987841609755318, 0.6012158390244683], [0.3987841609752363, 0.6012158390247637]]"
baseline_multistage,A3,B3,M2,18,1136,608,528,99,62,37,0.08714788732394366,57.611111111111114,0.9444444444444444,0.1111111111111111,2,0.5334058889810089,0.4665941110189912,"[0, 0, 0, 0, 0, 0, 0, 0, 0, 0, 2, 2, 2, 2, 2, 2, 2, 2]","[0, 0, 0, 0, 0, 0, 0, 0, 0, 0, 2, 2, 2, 2, 2, 2, 2, 2]","[0, 0, 0, 0, 0, 0, 0, 0, 0, 0, 0, 2, 2, 2, 2, 2, 2, 2]","[[0.7625, 0.23750000000000002], [0.61326362135388, 0.38673637864612], [0.6117018342007077, 0.38829816579929227], [0.6116850201609352, 0.3883149798390648], [0.6116848359233572, 0.3883151640766428], [0.6116848338812129, 0.38831516611878714], [0.61168483385841, 0.38831516614159], [0.6116848338581542, 0.3883151661418458], [0.6116848338581513, 0.38831516614184863], [0.6116848338581513, 0.3883151661418487], [0.6116848338581513, 0.3883151661418487], [0.39044910590770265, 0.6095508940922975], [0.3883365255347916, 0.6116634744652085], [0.3883153884309814, 0.6116846115690185], [0.388315168521756, 0.6116848314782439], [0.38831516616782946, 0.6116848338321705], [0.388315166142136, 0.6116848338578641], [0.3883151661418519, 0.6116848338581481]]"
baseline_multistage,A3,B3,M3,18,1136,856,280,137,123,14,0.12059859154929578,55.5,0.9444444444444444,0.1111111111111111,2,0.7574696945588374,0.2425303054411626,"[0, 0, 0, 0, 0, 0, 0, 0, 0, 0, 2, 2, 2, 2, 2, 2, 2, 2]","[0, 0, 0, 0, 0, 0, 0, 0, 0, 0, 2, 2, 2, 2, 2, 2, 2, 2]","[0, 0, 0, 0, 0, 0, 0, 0, 0, 0, 0, 2, 2, 2, 2, 2, 2, 2]","[[0.8724999999999999, 0.12749999999999997], [0.8038171239877349, 0.1961828760122651], [0.8031479148067975, 0.19685208519320252], [0.8031410802513441, 0.19685891974865594], [0.8031410080548306, 0.19685899194516945], [0.803141007273826, 0.19685899272617405], [0.8031410072652411, 0.19685899273475888], [0.8031410072651457, 0.19685899273485424], [0.8031410072651447, 0.19685899273485533], [0.8031410072651447, 0.1968589927348553], [0.8031410072651447, 0.1968589927348553], [0.6768396140252863, 0.32316038597471386], [0.6755155725993817, 0.3244844274006184], [0.6755013544068517, 0.32449864559314834], [0.6755011988829182, 0.3244988011170819], [0.675501197160975, 0.3244988028390251], [0.675501197141761, 0.32449880285823895], [0.6755011971415457, 0.32449880285845434]]"
sudden_attack,A1,B1,M1,18,1136,939,197,37,30,7,0.032570422535211266,61.05555555555556,0.9444444444444444,0.1111111111111111,2,0.8190320018600583,0.18096799813994163,"[0, 0, 0, 0, 0, 0, 0, 0, 0, 0, 0, 0, 0, 0, 0, 2, 2, 2]","[0, 0, 0, 0, 0, 0, 0, 0, 0, 0, 0, 0, 0, 0, 0, 2, 2, 2]","[0, 0, 0, 0, 0, 0, 0, 0, 0, 0, 0, 0, 0, 0, 0, 0, 2, 2]","[[0.8025, 0.19750000000000004], [0.8857322462663821, 0.11426775373361782], [0.8926480759449731, 0.10735192405502697], [0.8932487623383458, 0.10675123766165423], [0.893302549305087, 0.10669745069491286], [0.8933074000415889, 0.10669259995841104], [0.8933078381270794, 0.10669216187292066], [0.8933078777027424, 0.10669212229725758], [0.8933078812781008, 0.10669211872189925], [0.89330788160111, 0.10669211839888995], [0.8933078816302918, 0.10669211836970821], [0.8933078816329282, 0.10669211836707182], [0.8933078816331663, 0.10669211836683365], [0.893307881633188, 0.10669211836681214], [0.8933078816331897, 0.1066921183668102], [0.89330788163319, 0.10669211836681], [0.36933523430721077, 0.6306647656927893], [0.17942299677247614, 0.8205770032275239]]"
sudden_attack,A1,B1,M2,18,1136,891,245,40,32,8,0.035211267605633804,60.888888888888886,0.9444444444444444,0.1111111111111111,2,0.7751907067570467,0.22480929324295332,"[0, 0, 0, 0, 0, 0, 0, 0, 0, 0, 0, 0, 0, 0, 0, 2, 2, 2]","[0, 0, 0, 0, 0, 0, 0, 0, 0, 0, 0, 0, 0, 0, 0, 2, 2, 2]","[0, 0, 0, 0, 0, 0, 0, 0, 0, 0, 0, 0, 0, 0, 0, 0, 2, 2]","[[0.7625, 0.23750000000000002], [0.8373857055775679, 0.1626142944224322], [0.8435035482170522, 0.15649645178294785], [0.8440326935847068, 0.15596730641529327], [0.8440800356077895, 0.1559199643922105], [0.8440843044599067, 0.15591569554009327], [0.8440846899827446, 0.15591531001725553], [0.844084724809836, 0.15591527519016407], [0.8440847279561942, 0.1559152720438058], [0.8440847282404462, 0.15591527175955383], [0.8440847282661265, 0.1559152717338735], [0.8440847282684465, 0.1559152717315535], [0.8440847282686561, 0.15591527173134392], [0.8440847282686751, 0.15591527173132497], [0.8440847282686768, 0.15591527173132325], [0.8440847282686769, 0.1559152717313231], [0.3581074161474882, 0.6418925838525118], [0.17889177743385057, 0.8211082225661495]]"
sudden_attack,A1,B1,M3,18,1136,991,145,48,42,6,0.04225352112676056,60.44444444444444,0.9444444444444444,0.1111111111111111,2,0.8621429361389765,0.13785706386102348,"[0, 0, 0, 0, 0, 0, 0, 0, 0, 0, 0, 0, 0, 0, 0, 2, 2, 2]","[0, 0, 0, 0, 0, 0, 0, 0, 0, 0, 0, 0, 0, 0, 0, 2, 2, 2]","[0, 0, 0, 0, 0, 0, 0, 0, 0, 0, 0, 0, 0, 0, 0, 0, 2, 2]","[[0.8724999999999999, 0.12749999999999997], [0.8973064614446815, 0.10269353855531851], [0.8986363818495268, 0.10136361815047323], [0.8987362810628724, 0.1012637189371276], [0.8987449534240038, 0.10125504657599624], [0.8987457309698133, 0.10125426903018678], [0.8987458011167352, 0.10125419888326487], [0.898745807452397, 0.10125419254760311], [0.8987458080247547, 0.10125419197524531], [0.8987458080764629, 0.10125419192353702], [0.8987458080811344, 0.10125419191886552], [0.8987458080815566, 0.10125419191844351], [0.8987458080815947, 0.10125419191840537], [0.8987458080815981, 0.10125419191840193], [0.8987458080815984, 0.10125419191840163], [0.8987458080815984, 0.10125419191840157], [0.6407405071891525, 0.3592594928108474], [0.5257044614020973, 0.47429553859790274]]"
sudden_attack,A1,B2,M1,18,1136,947,189,46,43,3,0.040492957746478875,60.55555555555556,0.8888888888888888,0.2222222222222222,2,0.8265327682324111,0.17346723176758896,"[0, 0, 0, 0, 0, 0, 0, 0, 0, 0, 0, 0, 0, 0, 0, 2, 2, 2]","[0, 0, 0, 0, 0, 0, 0, 0, 0, 0, 0, 0, 0, 0, 0, 2, 2, 2]","[0, 0, 0, 0, 0, 0, 0, 0, 0, 0, 0, 0, 0, 0, 0, 0, 0, 2]","[[0.8025, 0.19750000000000004], [0.8574159373560571, 0.1425840626439429], [0.8711665178343123, 0.1288334821656878], [0.8744511095294077, 0.1255488904705922], [0.8752341691723163, 0.12476583082768371], [0.8754215408351406, 0.12457845916485943], [0.8754664925461473, 0.12453350745385265], [0.8754772913053648, 0.12452270869463532], [0.8754798871175167, 0.12452011288248342], [0.8754805112732942, 0.12451948872670586], [0.8754806613677841, 0.12451933863221586], [0.8754806974637536, 0.12451930253624648], [0.8754807061446002, 0.12451929385539989], [0.8754807082323066, 0.12451929176769344], [0.875480708734393, 0.12451929126560704], [0.8754807088551433, 0.12451929114485676], [0.6179189965995745, 0.38208100340042556], [0.34869318381628733, 0.6513068161837128]]"
sudden_attack,A1,B2,M2,18,1136,897,239,42,35,7,0.03697183098591549,60.77777777777778,0.8888888888888888,0.2222222222222222,2,0.7829507173141624,0.21704928268583756,"[0, 0, 0, 0, 0, 0, 0, 0, 0, 0, 0, 0, 0, 0, 0, 2, 2, 2]","[0, 0, 0, 0, 0, 0, 0, 0, 0, 0, 0, 0, 0, 0, 0, 2, 2, 2]","[0, 0, 0, 0, 0, 0, 0, 0, 0, 0, 0, 0, 0, 0, 0, 0, 0, 2]","[[0.7625, 0.23750000000000002], [0.8119530170428374, 0.1880469829571626], [0.8242554120558142, 0.1757445879441859], [0.8271851933577342, 0.17281480664226584], [0.8278827318050666, 0.17211726819493342], [0.8280495440074429, 0.1719504559925571], [0.8280895536184618, 0.17191044638153807], [0.8280991641481684, 0.17190083585183158], [0.8281014742330866, 0.17189852576691345], [0.8281020296764491, 0.17189797032355092], [0.8281021632462311, 0.17189783675376885], [0.8281021953680984, 0.17189780463190169], [0.8281022030931888, 0.17189779690681126], [0.8281022049510388, 0.17189779504896116], [0.8281022053978454, 0.17189779460215454], [0.8281022055053011, 0.17189779449469889], [0.5906940045886169, 0.40930599541138313], [0.3395876095595429, 0.6604123904404572]]"
sudden_attack,A1,B2,M3,18,1136,991,145,45,39,6,0.03961267605633803,60.611111111111114,0.8888888888888888,0.2222222222222222,2,0.8714584118046709,0.12854158819532907,"[0, 0, 0, 0, 0, 0, 0, 0, 0, 0, 0, 0, 0, 0, 0, 2, 2, 2]","[0, 0, 0, 0, 0, 0, 0, 0, 0, 0, 0, 0, 0, 0, 0, 2, 2, 2]","[0, 0, 0, 0, 0, 0, 0, 0, 0, 0, 0, 0, 0, 0, 0, 0, 0, 2]","[[0.8724999999999999, 0.12749999999999997], [0.8891754951635191, 0.11082450483648089], [0.8927887773848254, 0.10721122261517461], [0.8935896963276925, 0.10641030367230753], [0.8937741076015683, 0.10622589239843175], [0.8938175630412569, 0.10618243695874308], [0.8938279200523492, 0.10617207994765064], [0.8938304012049906, 0.10616959879500945], [0.8938309969265065, 0.1061690030734936], [0.8938311400953787, 0.10616885990462141], [0.8938311745169129, 0.10616882548308718], [0.8938311827941673, 0.1061688172058327], [0.8938311847847205, 0.10616881521527963], [0.8938311852634326, 0.10616881473656747], [0.8938311853785604, 0.10616881462143955], [0.8938311854062483, 0.10616881459375173], [0.7773440525228712, 0.2226559474771288], [0.6349541640190765, 0.36504583598092355]]"
sudden_attack,A1,B3,M1,18,1136,916,220,41,38,3,0.03609154929577465,60.833333333333336,0.8333333333333334,0.3333333333333333,2,0.8069577012854778,0.1930422987145222,"[0, 0, 0, 0, 0, 0, 0, 0, 0, 0, 0, 0, 0, 0, 0, 2, 2, 2]","[0, 0, 0, 0, 0, 0, 0, 0, 0, 0, 0, 0, 0, 0, 0, 2, 2, 2]","[0, 0, 0, 0, 0, 0, 0, 0, 0, 0, 0, 0, 0, 0, 0, 0, 0, 0]","[[0.8025, 0.19750000000000004], [0.818421833283892, 0.181578166716108], [0.8264406321667856, 0.1735593678332144], [0.8302589444346318, 0.16974105556536823], [0.8320273254042474, 0.16797267459575263], [0.8328348787162039, 0.16716512128379601], [0.8332009906918607, 0.16679900930813935], [0.8333663406052807, 0.16663365939471925], [0.83344086799523, 0.16655913200476996], [0.8334744228963592, 0.16652557710364085], [0.8334895216111137, 0.16651047838888644], [0.8334963133966488, 0.16650368660335124], [0.8334993679720353, 0.16650063202796483], [0.8335007416187463, 0.16649925838125373], [0.8335013593157846, 0.16649864068421535], [0.8335016370713317, 0.1664983629286683], [0.6947596009312282, 0.3052403990687717], [0.5535238450272207, 0.4464761549727793]]"
sudden_attack,A1,B3,M2,18,1136,878,258,48,42,6,0.04225352112676056,60.44444444444444,0.8333333333333334,0.3333333333333333,2,0.7657257420357371,0.23427425796426288,"[0, 0, 0, 0, 0, 0, 0, 0, 0, 0, 0, 0, 0, 0, 0, 2, 2, 2]","[0, 0, 0, 0, 0, 0, 0, 0, 0, 0, 0, 0, 0, 0, 0, 2, 2, 2]","[0, 0, 0, 0, 0, 0, 0, 0, 0, 0, 0, 0, 0, 0, 0, 0, 0, 0]","[[0.7625, 0.23750000000000002], [0.7765944823494512, 0.22340551765054883], [0.7837595008626125, 0.21624049913738747], [0.7871871825369691, 0.21281281746303088], [0.788778568614722, 0.21122143138527807], [0.7895062745131907, 0.2104937254868094], [0.7898364337904974, 0.21016356620950255], [0.7899856086308521, 0.210014391369148], [0.7900528613773159, 0.20994713862268416], [0.790083145008646, 0.2099168549913541], [0.7900967727754485, 0.20990322722455151], [0.7901029031526524, 0.20989709684734756], [0.7901056603291555, 0.20989433967084453], [0.7901069002521408, 0.20989309974785914], [0.7901074578210434, 0.2098925421789566], [0.7901077085402887, 0.20989229145971144], [0.6624827512402851, 0.33751724875971495], [0.5316691448479978, 0.46833085515200223]]"
sudden_attack,A1,B3,M3,18,1136,984,152,60,54,6,0.0528169014084507,59.77777777777778,0.8333333333333334,0.3333333333333333,2,0.8683339865372931,0.13166601346270682,"[0, 0, 0, 0, 0, 0, 0, 0, 0, 0, 0, 0, 0, 0, 0, 2, 2, 2]","[0, 0, 0, 0, 0, 0, 0, 0, 0, 0, 0, 0, 0, 0, 0, 2, 2, 2]","[0, 0, 0, 0, 0, 0, 0, 0, 0, 0, 0, 0, 0, 0, 0, 0, 0, 0]","[[0.8724999999999999, 0.12749999999999997], [0.8756303767428063, 0.1243696232571937], [0.8776727130375739, 0.12232728696242613], [0.8787566111509931, 0.12124338884900697], [0.8792860278775693, 0.12071397212243071], [0.8795346492951105, 0.12046535070488944], [0.8796490923823179, 0.12035090761768202], [0.8797012167842796, 0.12029878321572035], [0.8797248216698308, 0.12027517833016926], [0.8797354776823664, 0.12026452231763367], [0.8797402797614581, 0.12025972023854198], [0.8797424416886744, 0.12025755831132555], [0.8797434144718773, 0.12025658552812277], [0.8797438520525084, 0.12025614794749168], [0.8797440488525959, 0.12025595114740412], [0.8797441373540297, 0.1202558626459703], [0.8188216530946254, 0.1811783469053747], [0.7505409437726603, 0.2494590562273397]]"
sudden_attack,A2,B1,M1,18,1136,901,235,49,34,15,0.043133802816901406,60.388888888888886,0.9444444444444444,0.1111111111111111,2,0.7889658780977942,0.2110341219022059,"[0, 0, 0, 0, 0, 0, 0, 0, 0, 0, 0, 0, 0, 0, 0, 2, 2, 2]","[0, 0, 0, 0, 0, 0, 0, 0, 0, 0, 0, 0, 0, 0, 0, 2, 2, 2]","[0, 0, 0, 0, 0, 0, 0, 0, 0, 0, 0, 0, 0, 0, 0, 0, 2, 2]","[[0.8025, 0.19750000000000004], [0.8600419120978705, 0.1399580879021296], [0.8638248616430464, 0.1361751383569537], [0.8640929129213419, 0.13590708707865803], [0.8641123341043276, 0.13588766589567242], [0.8641137473634628, 0.1358862526365373], [0.8641138502850582, 0.13588614971494176], [0.8641138577814164, 0.13588614221858353], [0.8641138583274313, 0.13588614167256882], [0.8641138583672017, 0.13588614163279839], [0.8641138583700984, 0.1358861416299016], [0.8641138583703094, 0.13588614162969062], [0.8641138583703247, 0.13588614162967524], [0.8641138583703258, 0.1358861416296741], [0.864113858370326, 0.13588614162967402], [0.8641138583703261, 0.13588614162967402], [0.2544806090955371, 0.745519390904463], [0.18708085355188964, 0.8129191464481104]]"
sudden_attack,A2,B1,M2,18,1136,854,282,35,28,7,0.030809859154929578,61.166666666666664,0.9444444444444444,0.1111111111111111,2,0.7484294208257618,0.25157057917423836,"[0, 0, 0, 0, 0, 0, 0, 0, 0, 0, 0, 0, 0, 0, 0, 2, 2, 2]","[0, 0, 0, 0, 0, 0, 0, 0, 0, 0, 0, 0, 0, 0, 0, 2, 2, 2]","[0, 0, 0, 0, 0, 0, 0, 0, 0, 0, 0, 0, 0, 0, 0, 0, 2, 2]","[[0.7625, 0.23750000000000002], [0.8146748980516538, 0.1853251019483462], [0.8180450513482238, 0.18195494865177625], [0.8182829645202854, 0.18171703547971457], [0.8183001906293581, 0.18169980937064195], [0.8183014440110232, 0.18169855598897686], [0.8183015352876236, 0.1816984647123765], [0.8183015419357887, 0.18169845806421128], [0.8183015424200231, 0.18169845757997696], [0.8183015424552935, 0.18169845754470648], [0.8183015424578626, 0.18169845754213745], [0.8183015424580496, 0.18169845754195035], [0.8183015424580633, 0.18169845754193673], [0.8183015424580643, 0.18169845754193573], [0.8183015424580644, 0.18169845754193564], [0.8183015424580644, 0.18169845754193564], [0.25196006619963635, 0.7480399338003637], [0.18664954325663174, 0.8133504567433683]]"
sudden_attack,A2,B1,M3,18,1136,975,161,45,41,4,0.03961267605633803,60.611111111111114,0.9444444444444444,0.1111111111111111,2,0.855210677193567,0.14478932280643309,"[0, 0, 0, 0, 0, 0, 0, 0, 0, 0, 0, 0, 0, 0, 0, 2, 2, 2]","[0, 0, 0, 0, 0, 0, 0, 0, 0, 0, 0, 0, 0, 0, 0, 2, 2, 2]","[0, 0, 0, 0, 0, 0, 0, 0, 0, 0, 0, 0, 0, 0, 0, 0, 2, 2]","[[0.8724999999999999, 0.12749999999999997], [0.8924728137743544, 0.1075271862256457], [0.8933661895792884, 0.10663381042071167], [0.8934232741139461, 0.10657672588605388], [0.8934273297795409, 0.10657267022045915], [0.8934276238963859, 0.10657237610361418], [0.893427645303015, 0.1065723546969849], [0.8934276468620221, 0.10657235313797782], [0.8934276469755742, 0.1065723530244259], [0.8934276469838449, 0.10657235301615507], [0.8934276469844473, 0.10657235301555262], [0.8934276469844912, 0.10657235301550873], [0.8934276469844944, 0.10657235301550556], [0.8934276469844947, 0.10657235301550533], [0.8934276469844947, 0.10657235301550531], [0.8934276469844947, 0.1065723530155053], [0.5868368088242314, 0.41316319117576866], [0.5340616814850845, 0.46593831851491563]]"
sudden_attack,A2,B2,M1,18,1136,854,282,44,32,12,0.03873239436619718,60.666666666666664,0.9444444444444444,0.1111111111111111,2,0.7397345497867426,0.26026545021325753,"[0, 0, 0, 0, 0, 0, 0, 0, 0, 0, 0, 0, 0, 0, 0, 2, 2, 2]","[0, 0, 0, 0, 0, 0, 0, 0, 0, 0, 0, 0, 0, 0, 0, 2, 2, 2]","[0, 0, 0, 0, 0, 0, 0, 0, 0, 0, 0, 0, 0, 0, 0, 0, 2, 2]","[[0.8025, 0.19750000000000004], [0.7924242424242425, 0.20757575757575755], [0.7901039616569033, 0.2098960383430966], [0.7896374613260333, 0.21036253867396676], [0.7895470957171525, 0.21045290428284733], [0.7895297909848817, 0.21047020901511834], [0.7895264892328641, 0.21047351076713597], [0.7895258599875975, 0.21047414001240244], [0.7895257401108567, 0.2104742598891433], [0.7895257172759718, 0.21047428272402827], [0.7895257129264001, 0.2104742870736], [0.7895257120979067, 0.21047428790209335], [0.7895257119400984, 0.21047428805990165], [0.7895257119100397, 0.21047428808996038], [0.7895257119043141, 0.2104742880956858], [0.7895257119032236, 0.2104742880967764], [0.38790910173778986, 0.6120908982622101], [0.2783121630250895, 0.7216878369749106]]"
sudden_attack,A2,B2,M2,18,1136,806,330,44,30,14,0.03873239436619718,60.666666666666664,0.9444444444444444,0.1111111111111111,2,0.7049683564590514,0.2950316435409486,"[0, 0, 0, 0, 0, 0, 0, 0, 0, 0, 0, 0, 0, 0, 0, 2, 2, 2]","[0, 0, 0, 0, 0, 0, 0, 0, 0, 0, 0, 0, 0, 0, 0, 2, 2, 2]","[0, 0, 0, 0, 0, 0, 0, 0, 0, 0, 0, 0, 0, 0, 0, 0, 2, 2]","[[0.7625, 0.23750000000000002], [0.753896103896104, 0.2461038961038961], [0.751829169464447, 0.24817083053555303], [0.7514093868994733, 0.24859061310052666], [0.7513278301825218, 0.24867216981747828], [0.7513121980271181, 0.24868780197288187], [0.7513092145443842, 0.24869078545561588], [0.7513086459027939, 0.24869135409720614], [0.7513085375684547, 0.24869146243154527], [0.7513085169320509, 0.24869148306794914], [0.7513085130012327, 0.2486914869987673], [0.7513085122525016, 0.24869148774749839], [0.751308512109886, 0.24869148789011392], [0.7513085120827212, 0.2486914879172788], [0.751308512077547, 0.24869148792245305], [0.7513085120765614, 0.24869148792343862], [0.37914240695725177, 0.6208575930427482], [0.27492733228787625, 0.7250726677121238]]"
sudden_attack,A2,B2,M3,18,1136,968,168,51,45,6,0.0448943661971831,60.27777777777778,0.9444444444444444,0.1111111111111111,2,0.8463711964929049,0.1536288035070951,"[0, 0, 0, 0, 0, 0, 0, 0, 0, 0, 0, 0, 0, 0, 0, 2, 2, 2]","[0, 0, 0, 0, 0, 0, 0, 0, 0, 0, 0, 0, 0, 0, 0, 2, 2, 2]","[0, 0, 0, 0, 0, 0, 0, 0, 0, 0, 0, 0, 0, 0, 0, 0, 2, 2]","[[0.8724999999999999, 0.12749999999999997], [0.8727272727272727, 0.12727272727272726], [0.8721804163097084, 0.1278195836902915], [0.8720409403401138, 0.12795905965988624], [0.8720122369747362, 0.12798776302526382], [0.872006640280537, 0.1279933597194631], [0.8720055664135048, 0.12799443358649523], [0.8720053613939719, 0.12799463860602817], [0.8720053223140429, 0.12799467768595713], [0.8720053148685255, 0.12799468513147452], [0.872005313450229, 0.12799468654977103], [0.8720053131800714, 0.12799468681992873], [0.8720053131286124, 0.12799468687138765], [0.8720053131188106, 0.12799468688118934], [0.8720053131169437, 0.12799468688305635], [0.8720053131165881, 0.12799468688341198], [0.6765422382740229, 0.32345776172597707], [0.6046183478645971, 0.39538165213540294]]"
sudden_attack,A2,B3,M1,18,1136,751,385,37,29,8,0.032570422535211266,61.05555555555556,0.9444444444444444,0.1111111111111111,2,0.6613437879760814,0.33865621202391866,"[0, 0, 0, 0, 0, 0, 0, 0, 0, 0, 0, 0, 0, 0, 0, 2, 2, 2]","[0, 0, 0, 0, 0, 0, 0, 0, 0, 0, 0, 0, 0, 0, 0, 2, 2, 2]","[0, 0, 0, 0, 0, 0, 0, 0, 0, 0, 0, 0, 0, 0, 0, 0, 2, 2]","[[0.8025, 0.19750000000000004], [0.7164714235001776, 0.28352857649982255], [0.6907812008802263, 0.3092187991197736], [0.6828607366652998, 0.3171392633347003], [0.680398362197914, 0.319601637802086], [0.6796311624718354, 0.3203688375281646], [0.6793919955392976, 0.3206080044607024], [0.6793174283875499, 0.3206825716124501], [0.6792941794416053, 0.3207058205583947], [0.6792869307577287, 0.3207130692422713], [0.6792846707281837, 0.32071532927181645], [0.6792839660863557, 0.32071603391364434], [0.6792837463902359, 0.3207162536097641], [0.6792836778925027, 0.32071632210749745], [0.679283656536009, 0.320716343463991], [0.6792836498773975, 0.32071635012260247], [0.466913220761093, 0.533086779238907], [0.3916381754560532, 0.6083618245439469]]"
sudden_attack,A2,B3,M2,18,1136,728,408,37,30,7,0.032570422535211266,61.05555555555556,0.9444444444444444,0.1111111111111111,2,0.6340008228458064,0.3659991771541937,"[0, 0, 0, 0, 0, 0, 0, 0, 0, 0, 0, 0, 0, 0, 0, 2, 2, 2]","[0, 0, 0, 0, 0, 0, 0, 0, 0, 0, 0, 0, 0, 0, 0, 2, 2, 2]","[0, 0, 0, 0, 0, 0, 0, 0, 0, 0, 0, 0, 0, 0, 0, 0, 2, 2]","[[0.7625, 0.23750000000000002], [0.684877529286475, 0.31512247071352506], [0.6614390128890286, 0.33856098711097143], [0.654184318273953, 0.34581568172604704], [0.6519257249326647, 0.34807427506733535], [0.6512216546862863, 0.34877834531371366], [0.6510021265656936, 0.34899787343430655], [0.6509336776932783, 0.3490663223067218], [0.6509123358043405, 0.34908766419565945], [0.6509056816525179, 0.34909431834748206], [0.6509036069821375, 0.34909639301786255], [0.6509029601316096, 0.34909703986839036], [0.6509027584538092, 0.3490972415461908], [0.6509026955738891, 0.34909730442611087], [0.6509026759689385, 0.34909732403106164], [0.6509026698564297, 0.3490973301435702], [0.45377588407665836, 0.5462241159233416], [0.3829194983968032, 0.6170805016031968]]"
sudden_attack,A2,B3,M3,18,1136,931,205,52,48,4,0.045774647887323945,60.22222222222222,0.9444444444444444,0.1111111111111111,2,0.8199430320641556,0.18005696793584436,"[0, 0, 0, 0, 0, 0, 0, 0, 0, 0, 0, 0, 0, 0, 0, 2, 2, 2]","[0, 0, 0, 0, 0, 0, 0, 0, 0, 0, 0, 0, 0, 0, 0, 2, 2, 2]","[0, 0, 0, 0, 0, 0, 0, 0, 0, 0, 0, 0, 0, 0, 0, 0, 2, 2]","[[0.8724999999999999, 0.12749999999999997], [0.8453141640042598, 0.15468583599574015], [0.8353858849418422, 0.16461411505815782], [0.8321258079258724, 0.16787419207412768], [0.8310899013411686, 0.16891009865883147], [0.830764607972992, 0.16923539202700807], [0.8306629127240691, 0.169337087275931], [0.8306311735276484, 0.16936882647235169], [0.8306212739807517, 0.1693787260192483], [0.8306181870212533, 0.16938181297874666], [0.8306172245058604, 0.16938277549413966], [0.8306169244031335, 0.16938307559686644], [0.8306168308352487, 0.16938316916475127], [0.8306168016622087, 0.16938319833779114], [0.8306167925665153, 0.16938320743348478], [0.8306167897306233, 0.1693832102693767], [0.7249518639700508, 0.2750481360299492], [0.6806074360413037, 0.31939256395869625]]"
sudden_attack,A3,B1,M1,18,1136,884,252,43,31,12,0.037852112676056336,60.72222222222222,0.9444444444444444,0.1111111111111111,2,0.7726694357882038,0.22733056421179626,"[0, 0, 0, 0, 0, 0, 0, 0, 0, 0, 0, 0, 0, 0, 0, 2, 2, 2]","[0, 0, 0, 0, 0, 0, 0, 0, 0, 0, 0, 0, 0, 0, 0, 2, 2, 2]","[0, 0, 0, 0, 0, 0, 0, 0, 0, 0, 0, 0, 0, 0, 0, 0, 2, 2]","[[0.8025, 0.19750000000000004], [0.8470359925572741, 0.15296400744272592], [0.8472191707936167, 0.1527808292063832], [0.8472201102548702, 0.15277988974512974], [0.8472201152739217, 0.15277988472607834], [0.8472201153009081, 0.15277988469909193], [0.8472201153010532, 0.15277988469894666], [0.847220115301054, 0.15277988469894588], [0.8472201153010541, 0.15277988469894588], [0.847220115301054, 0.15277988469894588], [0.8472201153010541, 0.15277988469894588], [0.847220115301054, 0.15277988469894588], [0.8472201153010541, 0.15277988469894588], [0.847220115301054, 0.15277988469894588], [0.8472201153010541, 0.15277988469894588], [0.847220115301054, 0.15277988469894588], [0.19944832165086557, 0.8005516783491344], [0.19798486534567095, 0.8020151346543292]]"
sudden_attack,A3,B1,M2,18,1136,836,300,29,21,8,0.025528169014084508,61.5,0.9444444444444444,0.1111111111111111,2,0.7334719656688251,0.26652803433117506,"[0, 0, 0, 0, 0, 0, 0, 0, 0, 0, 0, 0, 0, 0, 0, 2, 2, 2]","[0, 0, 0, 0, 0, 0, 0, 0, 0, 0, 0, 0, 0, 0, 0, 2, 2, 2]","[0, 0, 0, 0, 0, 0, 0, 0, 0, 0, 0, 0, 0, 0, 0, 0, 2, 2]","[[0.7625, 0.23750000000000002], [0.8028157343877195, 0.19718426561228047], [0.8029785040824566, 0.1970214959175434], [0.8029793356077336, 0.19702066439226643], [0.8029793400473387, 0.1970206599526613], [0.8029793400712072, 0.19702065992879275], [0.8029793400713358, 0.19702065992866427], [0.8029793400713364, 0.1970206599286636], [0.8029793400713364, 0.19702065992866358], [0.8029793400713364, 0.1970206599286636], [0.8029793400713364, 0.19702065992866358], [0.8029793400713364, 0.1970206599286636], [0.8029793400713364, 0.19702065992866358], [0.8029793400713364, 0.1970206599286636], [0.8029793400713364, 0.19702065992866358], [0.8029793400713364, 0.1970206599286636], [0.19844297303814618, 0.8015570269618538], [0.19702675409088433, 0.8029732459091157]]"
sudden_attack,A3,B1,M3,18,1136,972,164,35,30,5,0.030809859154929578,61.166666666666664,0.9444444444444444,0.1111111111111111,2,0.8482871449525523,0.15171285504744775,"[0, 0, 0, 0, 0, 0, 0, 0, 0, 0, 0, 0, 0, 0, 0, 2, 2, 2]","[0, 0, 0, 0, 0, 0, 0, 0, 0, 0, 0, 0, 0, 0, 0, 2, 2, 2]","[0, 0, 0, 0, 0, 0, 0, 0, 0, 0, 0, 0, 0, 0, 0, 0, 2, 2]","[[0.8724999999999999, 0.12749999999999997], [0.8874941853703919, 0.1125058146296081], [0.8875345038154958, 0.11246549618450424], [0.8875346877249138, 0.1124653122750862], [0.8875346886878409, 0.1124653113121591], [0.8875346886930021, 0.11246531130699776], [0.8875346886930301, 0.11246531130697], [0.8875346886930301, 0.11246531130696984], [0.8875346886930302, 0.11246531130696986], [0.8875346886930301, 0.11246531130696984], [0.8875346886930302, 0.11246531130696986], [0.8875346886930301, 0.11246531130696984], [0.8875346886930302, 0.11246531130696986], [0.8875346886930301, 0.11246531130696984], [0.8875346886930302, 0.11246531130696986], [0.8875346886930301, 0.11246531130696984], [0.5424108813618298, 0.45758911863817026], [0.5412780865621648, 0.4587219134378352]]"
sudden_attack,A3,B2,M1,18,1136,804,332,44,33,11,0.03873239436619718,60.666666666666664,0.9444444444444444,0.1111111111111111,2,0.699704158438301,0.300295841561699,"[0, 0, 0, 0, 0, 0, 0, 0, 0, 0, 0, 0, 0, 0, 0, 2, 2, 2]","[0, 0, 0, 0, 0, 0, 0, 0, 0, 0, 0, 0, 0, 0, 0, 2, 2, 2]","[0, 0, 0, 0, 0, 0, 0, 0, 0, 0, 0, 0, 0, 0, 0, 0, 2, 2]","[[0.8025, 0.19750000000000004], [0.7472763804137521, 0.252723619586248], [0.746815313614414, 0.25318468638558606], [0.7468110609904628, 0.25318893900953715], [0.7468110200046215, 0.2531889799953785], [0.7468110196025242, 0.2531889803974759], [0.7468110195985521, 0.253188980401448], [0.7468110195985127, 0.25318898040148735], [0.7468110195985123, 0.25318898040148774], [0.7468110195985123, 0.25318898040148774], [0.7468110195985123, 0.25318898040148774], [0.7468110195985123, 0.25318898040148774], [0.7468110195985123, 0.25318898040148774], [0.7468110195985123, 0.25318898040148774], [0.7468110195985123, 0.25318898040148774], [0.7468110195985123, 0.25318898040148774], [0.2962252933080825, 0.7037747066919174], [0.2933145679703983, 0.7066854320296018]]"
sudden_attack,A3,B2,M2,18,1136,772,364,37,27,10,0.032570422535211266,61.05555555555556,0.9444444444444444,0.1111111111111111,2,0.6676159416359302,0.33238405836406987,"[0, 0, 0, 0, 0, 0, 0, 0, 0, 0, 0, 0, 0, 0, 0, 2, 2, 2]","[0, 0, 0, 0, 0, 0, 0, 0, 0, 0, 0, 0, 0, 0, 0, 2, 2, 2]","[0, 0, 0, 0, 0, 0, 0, 0, 0, 0, 0, 0, 0, 0, 0, 0, 2, 2]","[[0.7625, 0.23750000000000002], [0.7120628069653222, 0.2879371930346778], [0.7116463009610389, 0.2883536990389612], [0.7116424797421013, 0.2883575202578987], [0.7116424429961032, 0.28835755700389687], [0.7116424426359172, 0.2883575573640828], [0.7116424426323603, 0.2883575573676396], [0.7116424426323251, 0.28835755736767493], [0.7116424426323248, 0.28835755736767527], [0.7116424426323248, 0.28835755736767527], [0.7116424426323248, 0.28835755736767527], [0.7116424426323248, 0.28835755736767527], [0.7116424426323248, 0.28835755736767527], [0.7116424426323248, 0.28835755736767527], [0.7116424426323248, 0.28835755736767527], [0.7116424426323248, 0.28835755736767527], [0.29114627205452603, 0.708853727945474], [0.2883797777684506, 0.7116202222315495]]"
sudden_attack,A3,B2,M3,18,1136,934,202,41,32,9,0.03609154929577465,60.833333333333336,0.9444444444444444,0.1111111111111111,2,0.8250866408217052,0.17491335917829479,"[0, 0, 0, 0, 0, 0, 0, 0, 0, 0, 0, 0, 0, 0, 0, 2, 2, 2]","[0, 0, 0, 0, 0, 0, 0, 0, 0, 0, 0, 0, 0, 0, 0, 2, 2, 2]","[0, 0, 0, 0, 0, 0, 0, 0, 0, 0, 0, 0, 0, 0, 0, 0, 2, 2]","[[0.8724999999999999, 0.12749999999999997], [0.8507813662747433, 0.14921863372525673], [0.8506322250407884, 0.14936777495921166], [0.8506309922519323, 0.1493690077480678], [0.8506309809449933, 0.1493690190550067], [0.8506309808362761, 0.1493690191637239], [0.8506309808352106, 0.1493690191647895], [0.8506309808352, 0.14936901916480003], [0.8506309808352, 0.14936901916480014], [0.8506309808352, 0.14936901916480014], [0.8506309808352, 0.14936901916480014], [0.8506309808352, 0.14936901916480014], [0.8506309808352, 0.14936901916480014], [0.8506309808352, 0.14936901916480014], [0.8506309808352, 0.14936901916480014], [0.8506309808352, 0.14936901916480014], [0.610672144533187, 0.389327855466813], [0.6087710365567642, 0.3912289634432359]]"
sudden_attack,A3,B3,M1,18,1136,711,425,41,31,10,0.03609154929577465,60.833333333333336,0.9444444444444444,0.1111111111111111,2,0.6208743093996277,0.3791256906003724,"[0, 0, 0, 0, 0, 0, 0, 0, 0, 0, 0, 0, 0, 0, 0, 2, 2, 2]","[0, 0, 0, 0, 0, 0, 0, 0, 0, 0, 0, 0, 0, 0, 0, 2, 2, 2]","[0, 0, 0, 0, 0, 0, 0, 0, 0, 0, 0, 0, 0, 0, 0, 0, 2, 2]","[[0.8025, 0.19750000000000004], [0.6398380375815709, 0.3601619624184291], [0.638127487433026, 0.3618725125669739], [0.6381090101458671, 0.3618909898541329], [0.6381088072347784, 0.3618911927652217], [0.6381088049824442, 0.36189119501755596], [0.6381088049572715, 0.3618911950427285], [0.638108804956989, 0.36189119504301104], [0.6381088049569857, 0.3618911950430142], [0.6381088049569857, 0.36189119504301426], [0.6381088049569857, 0.36189119504301426], [0.6381088049569857, 0.36189119504301426], [0.6381088049569857, 0.36189119504301426], [0.6381088049569857, 0.36189119504301426], [0.6381088049569857, 0.36189119504301426], [0.6381088049569857, 0.36189119504301426], [0.4010506878881054, 0.5989493121118947], [0.39880668435735983, 0.6011933156426401]]"
sudden_attack,A3,B3,M2,18,1136,678,458,39,32,7,0.03433098591549296,60.94444444444444,0.9444444444444444,0.1111111111111111,2,0.5954530064191311,0.40454699358086876,"[0, 0, 0, 0, 0, 0, 0, 0, 0, 0, 0, 0, 0, 0, 0, 2, 2, 2]","[0, 0, 0, 0, 0, 0, 0, 0, 0, 0, 0, 0, 0, 0, 0, 2, 2, 2]","[0, 0, 0, 0, 0, 0, 0, 0, 0, 0, 0, 0, 0, 0, 0, 0, 2, 2]","[[0.7625, 0.23750000000000002], [0.61326362135388, 0.38673637864612], [0.6117018342007077, 0.38829816579929227], [0.6116850201609352, 0.3883149798390648], [0.6116848359233572, 0.3883151640766428], [0.6116848338812129, 0.38831516611878714], [0.61168483385841, 0.38831516614159], [0.6116848338581542, 0.3883151661418458], [0.6116848338581513, 0.38831516614184863], [0.6116848338581513, 0.3883151661418487], [0.6116848338581513, 0.3883151661418487], [0.6116848338581513, 0.3883151661418487], [0.6116848338581513, 0.3883151661418487], [0.6116848338581513, 0.3883151661418487], [0.6116848338581513, 0.3883151661418487], [0.6116848338581513, 0.3883151661418487], [0.39044910590770265, 0.6095508940922975], [0.3883365255347916, 0.6116634744652085]]"
sudden_attack,A3,B3,M3,18,1136,896,240,48,39,9,0.04225352112676056,60.44444444444444,0.9444444444444444,0.1111111111111111,2,0.7929251885361526,0.20707481146384749,"[0, 0, 0, 0, 0, 0, 0, 0, 0, 0, 0, 0, 0, 0, 0, 2, 2, 2]","[0, 0, 0, 0, 0, 0, 0, 0, 0, 0, 0, 0, 0, 0, 0, 2, 2, 2]","[0, 0, 0, 0, 0, 0, 0, 0, 0, 0, 0, 0, 0, 0, 0, 0, 2, 2]","[[0.8724999999999999, 0.12749999999999997], [0.8038171239877349, 0.1961828760122651], [0.8031479148067975, 0.19685208519320252], [0.8031410802513441, 0.19685891974865594], [0.8031410080548306, 0.19685899194516945], [0.803141007273826, 0.19685899272617405], [0.8031410072652411, 0.19685899273475888], [0.8031410072651457, 0.19685899273485424], [0.8031410072651447, 0.19685899273485533], [0.8031410072651447, 0.1968589927348553], [0.8031410072651447, 0.1968589927348553], [0.8031410072651447, 0.1968589927348553], [0.8031410072651447, 0.1968589927348553], [0.8031410072651447, 0.1968589927348553], [0.8031410072651447, 0.1968589927348553], [0.8031410072651447, 0.1968589927348553], [0.6768396140252863, 0.32316038597471386], [0.6755155725993817, 0.3244844274006184]]"
bursty_attack,A1,B1,M1,18,1136,659,477,132,92,40,0.11619718309859155,55.77777777777778,0.7222222222222222,0.5555555555555556,2,0.57312692165466,0.42687307834534,"[0, 0, 0, 2, 2, 2, 0, 0, 0, 2, 2, 2, 0, 0, 0, 2, 2, 2]","[0, 0, 0, 2, 2, 2, 0, 0, 0, 2, 2, 2, 0, 0, 0, 2, 2, 2]","[0, 0, 0, 0, 2, 2, 2, 0, 0, 0, 2, 2, 2, 0, 0, 0, 2, 2]","[[0.8025, 0.19750000000000004], [0.8857322462663821, 0.11426775373361782], [0.8926480759449731, 0.10735192405502697], [0.8932487623383458, 0.10675123766165423], [0.3692878081923875, 0.6307121918076125], [0.17942246799133954, 0.8205775320086605], [0.1670796224344558, 0.8329203775655442], [0.6701725928442932, 0.3298274071557068], [0.870993875856224, 0.129006124143776], [0.891354110276045, 0.10864588972395499], [0.3677233270820345, 0.6322766729179656], [0.17939789493417171, 0.8206021050658283], [0.16708365588382135, 0.8329163441161787], [0.6701714564471926, 0.32982854355280755], [0.8709934400655092, 0.12900655993449095], [0.8913540654694754, 0.10864593453052467], [0.36772329305406176, 0.6322767069459383], [0.17939789470316708, 0.820602105296833]]"
bursty_attack,A1,B1,M2,18,1136,629,507,131,94,37,0.1153169014084507,55.833333333333336,0.7222222222222222,0.5555555555555556,2,0.5470867847232365,0.4529132152767637,"[0, 0, 0, 2, 2, 2, 0, 0, 0, 2, 2, 2, 0, 0, 0, 2, 2, 2]","[0, 0, 0, 2, 2, 2, 0, 0, 0, 2, 2, 2, 0, 0, 0, 2, 2, 2]","[0, 0, 0, 0, 2, 2, 2, 0, 0, 0, 2, 2, 2, 0, 0, 0, 2, 2]","[[0.7625, 0.23750000000000002], [0.8373857055775679, 0.1626142944224322], [0.8435035482170522, 0.15649645178294785], [0.8440326935847068, 0.15596730641529327], [0.35806469053001544, 0.6419353094699846], [0.17889142720849763, 0.8211085727915024], [0.1669757757520609, 0.8330242242479391], [0.6424132329410073, 0.3575867670589928], [0.82431459276318, 0.17568540723681997], [0.842363086356188, 0.15763691364381208], [0.3566512716951551, 0.6433487283048449], [0.17887266590300402, 0.821127334096996], [0.16697992783674676, 0.8330200721632532], [0.6424123414374048, 0.3575876585625952], [0.8243142113334131, 0.17568578866658685], [0.8423630469596217, 0.15763695304037828], [0.3566512411216193, 0.6433487588783808], [0.1788726658010144, 0.8211273341989855]]"
bursty_attack,A1,B1,M3,18,1136,845,291,165,147,18,0.14524647887323944,53.94444444444444,0.7222222222222222,0.5555555555555556,2,0.740845963134695,0.259154036865305,"[0, 0, 0, 2, 2, 2, 0, 0, 0, 2, 2, 2, 0, 0, 0, 2, 2, 2]","[0, 0, 0, 2, 2, 2, 0, 0, 0, 2, 2, 2, 0, 0, 0, 2, 2, 2]","[0, 0, 0, 0, 2, 2, 2, 0, 0, 0, 2, 2, 2, 0, 0, 0, 2, 2]","[[0.8724999999999999, 0.12749999999999997], [0.8973064614446815, 0.10269353855531851], [0.8986363818495268, 0.10136361815047323], [0.8987362810628724, 0.1012637189371276], [0.6407259845557831, 0.35927401544421694], [0.525705182511446, 0.4742948174885539], [0.5163526956576916, 0.4836473043423084], [0.8258570735212917, 0.1741429264787084], [0.8942388942049161, 0.10576110579508387], [0.8984169428370454, 0.10158305716295458], [0.6402189393738789, 0.35978106062612114], [0.5257212917159977, 0.4742787082840023], [0.5163575595542993, 0.48364244044570065], [0.825857651378679, 0.1741423486213211], [0.8942388389408374, 0.10576116105916246], [0.8984169359004999, 0.10158306409950016], [0.6402189295269644, 0.3597810704730357], [0.5257212923880985, 0.4742787076119015]]"
bursty_attack,A1,B2,M1,18,1136,695,441,150,125,25,0.13204225352112675,54.77777777777778,0.5555555555555556,0.8888888888888888,2,0.6096481713020258,0.3903518286979743,"[0, 0, 0, 2, 2, 2, 0, 0, 0, 2, 2, 2, 0, 0, 0, 2, 2, 2]","[0, 0, 0, 2, 2, 2, 0, 0, 0, 2, 2, 2, 0, 0, 0, 2, 2, 2]","[0, 0, 0, 0, 0, 2, 2, 0, 0, 0, 0, 2, 2, 0, 0, 0, 0, 2]","[[0.8025, 0.19750000000000004], [0.8574159373560571, 0.1425840626439429], [0.8711665178343123, 0.1288334821656878], [0.8744511095294077, 0.1255488904705922], [0.6164910507429237, 0.3835089492570764], [0.34794515848162666, 0.6520548415183733], [0.2382060410831613, 0.7617939589168388], [0.5452202636245768, 0.45477973637542335], [0.7688109328306436, 0.23118906716935633], [0.8485830266623052, 0.15141697333769485], [0.5807562994548223, 0.4192437005451777], [0.3296309938630859, 0.6703690061369141], [0.23352241325056639, 0.7664775867494337], [0.5381228608208267, 0.4618771391791732], [0.7650631691375842, 0.23493683086241585], [0.8474908646273903, 0.15250913537260974], [0.579341810988556, 0.42065818901144414], [0.32894863314861755, 0.6710513668513824]]"
bursty_attack,A1,B2,M2,18,1136,668,468,140,111,29,0.12323943661971831,55.333333333333336,0.5555555555555556,0.8888888888888888,2,0.5827502344627372,0.41724976553726273,"[0, 0, 0, 2, 2, 2, 0, 0, 0, 2, 2, 2, 0, 0, 0, 2, 2, 2]","[0, 0, 0, 2, 2, 2, 0, 0, 0, 2, 2, 2, 0, 0, 0, 2, 2, 2]","[0, 0, 0, 0, 0, 2, 2, 0, 0, 0, 0, 2, 2, 0, 0, 0, 0, 2]","[[0.7625, 0.23750000000000002], [0.8119530170428374, 0.1880469829571626], [0.8242554120558142, 0.1757445879441859], [0.8271851933577342, 0.17281480664226584], [0.589388283146373, 0.410611716853627], [0.3388945539417261, 0.6611054460582739], [0.23568168905831013, 0.7643183109416899], [0.5262768328530312, 0.4737231671469688], [0.7318583655805492, 0.2681416344194508], [0.8040116628216277, 0.19598833717837225], [0.5565695753374386, 0.4434304246625615], [0.32186248819589314, 0.6781375118041069], [0.23128965611340147, 0.7687103438865985], [0.5197731101989024, 0.48022688980109773], [0.7284733128900499, 0.2715266871099501], [0.8030330151439491, 0.19696698485605085], [0.5552702628048001, 0.44472973719520004], [0.32122778978683275, 0.6787722102131672]]"
bursty_attack,A1,B2,M3,18,1136,881,255,146,135,11,0.12852112676056338,55.0,0.5555555555555556,0.8888888888888888,2,0.7713626134270063,0.22863738657299384,"[0, 0, 0, 2, 2, 2, 0, 0, 0, 2, 2, 2, 0, 0, 0, 2, 2, 2]","[0, 0, 0, 2, 2, 2, 0, 0, 0, 2, 2, 2, 0, 0, 0, 2, 2, 2]","[0, 0, 0, 0, 0, 2, 2, 0, 0, 0, 0, 2, 2, 0, 0, 0, 0, 2]","[[0.8724999999999999, 0.12749999999999997], [0.8891754951635191, 0.11082450483648089], [0.8927887773848254, 0.10721122261517461], [0.8935896963276925, 0.10641030367230753], [0.7767716775670694, 0.2232283224329305], [0.6345909267023223, 0.36540907329767774], [0.5705355769092032, 0.42946442309079685], [0.762616248223758, 0.2373837517762421], [0.8601429620799822, 0.13985703792001777], [0.8865834797775634, 0.1134165202224367], [0.7614492306331356, 0.23855076936686437], [0.6252514541927365, 0.3747485458072636], [0.5678931132904121, 0.4321068867095878], [0.7596746064673561, 0.24032539353264382], [0.8589341754048445, 0.1410658245951556], [0.8862859182433023, 0.11371408175669763], [0.7608409737022648, 0.23915902629773525], [0.624902729616124, 0.375097270383876]]"
bursty_attack,A1,B3,M1,18,1136,745,391,159,137,22,0.13996478873239437,54.27777777777778,0.5,1.0,2,0.6526384490040001,0.34736155099599997,"[0, 0, 0, 2, 2, 2, 0, 0, 0, 2, 2, 2, 0, 0, 0, 2, 2, 2]","[0, 0, 0, 2, 2, 2, 0, 0, 0, 2, 2, 2, 0, 0, 0, 2, 2, 2]","[0, 0, 0, 0, 0, 0, 2, 0, 0, 0, 0, 2, 2, 0, 0, 0, 0, 2]","[[0.8025, 0.19750000000000004], [0.818421833283892, 0.181578166716108], [0.8264406321667856, 0.1735593678332144], [0.8302589444346318, 0.16974105556536823], [0.6913436392236264, 0.3086563607763736], [0.5505606285342387, 0.4494393714657613], [0.43770422198233955, 0.5622957780176605], [0.6024951701560433, 0.39750482984395685], [0.7132052573761191, 0.286794742623881], [0.7754353868232178, 0.22456461317678234], [0.6344041528151061, 0.36559584718489385], [0.5027515652561354, 0.49724843474386465], [0.40528108543587615, 0.5947189145641238], [0.5751979461579729, 0.424802053842027], [0.6954629224733706, 0.30453707752662945], [0.765807401884421, 0.2341925981155791], [0.6249584219203078, 0.37504157807969224], [0.4952628721479172, 0.5047371278520829]]"
bursty_attack,A1,B3,M2,18,1136,711,425,146,125,21,0.12852112676056338,55.0,0.5,1.0,2,0.623685812826676,0.37631418717332404,"[0, 0, 0, 2, 2, 2, 0, 0, 0, 2, 2, 2, 0, 0, 0, 2, 2, 2]","[0, 0, 0, 2, 2, 2, 0, 0, 0, 2, 2, 2, 0, 0, 0, 2, 2, 2]","[0, 0, 0, 0, 0, 0, 2, 0, 0, 0, 0, 2, 2, 0, 0, 0, 0, 2]","[[0.7625, 0.23750000000000002], [0.7765944823494512, 0.22340551765054883], [0.7837595008626125, 0.21624049913738747], [0.7871871825369691, 0.21281281746303088], [0.6593581777058722, 0.34064182229412776], [0.5289343347532935, 0.4710656652467064], [0.4239569898144284, 0.5760430101855716], [0.5783521447508696, 0.4216478552491305], [0.6805078546009229, 0.31949214539907717], [0.7374064729564366, 0.26259352704356353], [0.607008519284194, 0.3929914807158061], [0.4846671158519732, 0.5153328841480268], [0.39380834890842564, 0.6061916510915744], [0.5532657166807319, 0.44673428331926823], [0.6643212896978752, 0.3356787103021248], [0.7286615465126569, 0.2713384534873431], [0.5983225856376511, 0.4016774143623489], [0.47773236797580376, 0.5222676320241963]]"
bursty_attack,A1,B3,M3,18,1136,908,228,173,165,8,0.1522887323943662,53.5,0.5,1.0,2,0.7999699957627314,0.2000300042372685,"[0, 0, 0, 2, 2, 2, 0, 0, 0, 2, 2, 2, 0, 0, 0, 2, 2, 2]","[0, 0, 0, 2, 2, 2, 0, 0, 0, 2, 2, 2, 0, 0, 0, 2, 2, 2]","[0, 0, 0, 0, 0, 0, 2, 0, 0, 0, 0, 2, 2, 0, 0, 0, 0, 2]","[[0.8724999999999999, 0.12749999999999997], [0.8756303767428063, 0.1243696232571937], [0.8776727130375739, 0.12232728696242613], [0.8787566111509931, 0.12124338884900697], [0.8174454085993469, 0.18255459140065308], [0.749176572067623, 0.25082342793237694], [0.6914735968069619, 0.3085264031930382], [0.783493992319828, 0.21650600768017192], [0.8343234379497458, 0.16567656205025416], [0.8592329897557491, 0.14076701024425078], [0.7926347180987207, 0.2073652819012794], [0.7261604194270003, 0.27383958057299973], [0.6749719297437227, 0.3250280702562773], [0.7716723398172853, 0.22832766018271478], [0.8274714930449029, 0.17252850695509714], [0.8557864142820728, 0.1442135857179273], [0.7885075679417108, 0.21149243205828913], [0.7225493429431232, 0.2774506570568768]]"
bursty_attack,A2,B1,M1,18,1136,641,495,120,86,34,0.1056338028169014,56.44444444444444,0.7222222222222222,0.5555555555555556,2,0.560914206642718,0.43908579335728193,"[0, 0, 0, 2, 2, 2, 0, 0, 0, 2, 2, 2, 0, 0, 0, 2, 2, 2]","[0, 0, 0, 2, 2, 2, 0, 0, 0, 2, 2, 2, 0, 0, 0, 2, 2, 2]","[0, 0, 0, 0, 2, 2, 2, 0, 0, 0, 2, 2, 2, 0, 0, 0, 2, 2]","[[0.8025, 0.19750000000000004], [0.8600419120978705, 0.1399580879021296], [0.8638248616430464, 0.1361751383569537], [0.8640929129213419, 0.13590708707865803], [0.25447751695831694, 0.745522483041683], [0.1870806537083236, 0.8129193462916764], [0.18239986474899333, 0.8176001352510067], [0.7860566850523092, 0.21394331494769078], [0.8585503303849998, 0.1414496696150002], [0.8637138929121642, 0.13628610708783584], [0.2544212956093239, 0.7455787043906761], [0.18707701288586168, 0.8129229871141384], [0.18239961098313084, 0.8176003890168692], [0.7860566411137261, 0.21394335888627386], [0.8585503273872148, 0.1414496726127853], [0.8637138927007967, 0.13628610729920326], [0.25442129557769877, 0.7455787044223012], [0.18707701288380657, 0.8129229871161934]]"
bursty_attack,A2,B1,M2,18,1136,614,522,120,85,35,0.1056338028169014,56.44444444444444,0.7222222222222222,0.5555555555555556,2,0.5362283151413453,0.4637716848586547,"[0, 0, 0, 2, 2, 2, 0, 0, 0, 2, 2, 2, 0, 0, 0, 2, 2, 2]","[0, 0, 0, 2, 2, 2, 0, 0, 0, 2, 2, 2, 0, 0, 0, 2, 2, 2]","[0, 0, 0, 0, 2, 2, 2, 0, 0, 0, 2, 2, 2, 0, 0, 0, 2, 2]","[[0.7625, 0.23750000000000002], [0.8146748980516538, 0.1853251019483462], [0.8180450513482238, 0.18195494865177625], [0.8182829645202854, 0.18171703547971457], [0.25195711815849947, 0.7480428818415006], [0.1866493477932838, 0.8133506522067162], [0.18205358483379147, 0.8179464151662086], [0.7480965347251539, 0.25190346527484614], [0.8133542161100651, 0.1866457838899349], [0.8179466649893047, 0.18205333501069534], [0.2519035054467008, 0.7480964945532992], [0.18664578656708736, 0.8133542134329127], [0.18205333519849676, 0.8179466648015032], [0.7480964945834906, 0.25190350541650947], [0.8133542134349245, 0.1866457865650755], [0.8179466648016445, 0.18205333519835565], [0.25190350541653217, 0.7480964945834678], [0.18664578656507697, 0.813354213434923]]"
bursty_attack,A2,B1,M3,18,1136,843,293,152,136,16,0.13380281690140844,54.666666666666664,0.7222222222222222,0.5555555555555556,2,0.7381129661331084,0.26188703386689155,"[0, 0, 0, 2, 2, 2, 0, 0, 0, 2, 2, 2, 0, 0, 0, 2, 2, 2]","[0, 0, 0, 2, 2, 2, 0, 0, 0, 2, 2, 2, 0, 0, 0, 2, 2, 2]","[0, 0, 0, 0, 2, 2, 2, 0, 0, 0, 2, 2, 2, 0, 0, 0, 2, 2]","[[0.8724999999999999, 0.12749999999999997], [0.8924728137743544, 0.1075271862256457], [0.8933661895792884, 0.10663381042071167], [0.8934232741139461, 0.10657672588605388], [0.5868347253595942, 0.4131652746404057], [0.5340615123030449, 0.4659384876969552], [0.5299759053425801, 0.4700240946574199], [0.870335632762222, 0.1296643672377779], [0.8921775304604566, 0.1078224695395434], [0.8933432974521477, 0.10665670254785228], [0.586796764470962, 0.41320323552903804], [0.5340584286544413, 0.4659415713455587], [0.5299756804906922, 0.47002431950930773], [0.870335615402077, 0.129664384597923], [0.8921775297211832, 0.1078224702788168], [0.89334329740673, 0.10665670259326986], [0.5867967644495325, 0.4132032355504675], [0.5340584286526994, 0.4659415713473007]]"
bursty_attack,A2,B2,M1,18,1136,642,494,123,92,31,0.10827464788732394,56.27777777777778,0.7222222222222222,0.5555555555555556,2,0.5593889681771587,0.4406110318228413,"[0, 0, 0, 2, 2, 2, 0, 0, 0, 2, 2, 2, 0, 0, 0, 2, 2, 2]","[0, 0, 0, 2, 2, 2, 0, 0, 0, 2, 2, 2, 0, 0, 0, 2, 2, 2]","[0, 0, 0, 0, 2, 2, 2, 0, 0, 0, 2, 2, 2, 0, 0, 0, 2, 2]","[[0.8025, 0.19750000000000004], [0.7924242424242425, 0.20757575757575755], [0.7901039616569033, 0.2098960383430966], [0.7896374613260333, 0.21036253867396676], [0.38794614238881747, 0.6120538576111826], [0.2783199280033202, 0.7216800719966798], [0.2562112292481448, 0.7437887707518551], [0.6487857561663349, 0.351214243833665], [0.7610219514633856, 0.23897804853661436], [0.7840652445595492, 0.21593475544045082], [0.3860788039196927, 0.6139211960803074], [0.2779269091957578, 0.7220730908042423], [0.25613609168959245, 0.7438639083104076], [0.6487583562482895, 0.35124164375171046], [0.7610160067764413, 0.23898399322355876], [0.7840640960049101, 0.21593590399509], [0.3860784181850742, 0.6139215818149258], [0.27792682793236834, 0.7220731720676318]]"
bursty_attack,A2,B2,M2,18,1136,614,522,126,93,33,0.11091549295774648,56.111111111111114,0.7222222222222222,0.5555555555555556,2,0.5374361825378612,0.46256381746213887,"[0, 0, 0, 2, 2, 2, 0, 0, 0, 2, 2, 2, 0, 0, 0, 2, 2, 2]","[0, 0, 0, 2, 2, 2, 0, 0, 0, 2, 2, 2, 0, 0, 0, 2, 2, 2]","[0, 0, 0, 0, 2, 2, 2, 0, 0, 0, 2, 2, 2, 0, 0, 0, 2, 2]","[[0.7625, 0.23750000000000002], [0.753896103896104, 0.2461038961038961], [0.751829169464447, 0.24817083053555303], [0.7514093868994733, 0.24859061310052666], [0.3791773024752098, 0.6208226975247902], [0.27493476440441744, 0.7250652355955826], [0.2537059257193862, 0.7462940742806138], [0.6226092758663353, 0.37739072413366476], [0.7254470284506066, 0.27455297154939334], [0.7463674497743329, 0.25363255022566716], [0.3774163954979122, 0.6225836045020878], [0.2745584616076535, 0.7254415383923466], [0.2536336058067413, 0.7463663941932588], [0.6225839737226885, 0.3774160262773115], [0.7254416173472373, 0.27455838265276267], [0.7463664093735769, 0.2536335906264231], [0.3774160315871444, 0.6225839684128557], [0.2745583837882331, 0.725441616211767]]"
bursty_attack,A2,B2,M3,18,1136,862,274,183,157,26,0.16109154929577466,52.94444444444444,0.7222222222222222,0.5555555555555556,2,0.7557194687020752,0.24428053129792485,"[0, 0, 0, 2, 2, 2, 0, 0, 0, 2, 2, 2, 0, 0, 0, 2, 2, 2]","[0, 0, 0, 2, 2, 2, 0, 0, 0, 2, 2, 2, 0, 0, 0, 2, 2, 2]","[0, 0, 0, 0, 2, 2, 2, 0, 0, 0, 2, 2, 2, 0, 0, 0, 2, 2]","[[0.8724999999999999, 0.12749999999999997], [0.8727272727272727, 0.12727272727272726], [0.8721804163097084, 0.1278195836902915], [0.8720409403401138, 0.12795905965988624], [0.6765642629935636, 0.3234357370064364], [0.6046237828110008, 0.39537621718899923], [0.5886741045468347, 0.4113258954531654], [0.8155503940663371, 0.18444960593366283], [0.8619974903739331, 0.1380025096260669], [0.8701806810630353, 0.1298193189369648], [0.6754419449672298, 0.32455805503277035], [0.6043477760790278, 0.39565222392097216], [0.5886186905096346, 0.41138130949036544], [0.8155376785690823, 0.18446232143091768], [0.8619952807720136, 0.13800471922798638], [0.8701802895855782, 0.12981971041442178], [0.6754417119995652, 0.3245582880004349], [0.6043477189234219, 0.3956522810765782]]"
bursty_attack,A2,B3,M1,18,1136,632,504,106,78,28,0.09330985915492958,57.22222222222222,0.7222222222222222,0.5555555555555556,2,0.5532121537830159,0.4467878462169842,"[0, 0, 0, 2, 2, 2, 0, 0, 0, 2, 2, 2, 0, 0, 0, 2, 2, 2]","[0, 0, 0, 2, 2, 2, 0, 0, 0, 2, 2, 2, 0, 0, 0, 2, 2, 2]","[0, 0, 0, 0, 2, 2, 2, 0, 0, 0, 2, 2, 2, 0, 0, 0, 2, 2]","[[0.8025, 0.19750000000000004], [0.7164714235001776, 0.28352857649982255], [0.6907812008802263, 0.3092187991197736], [0.6828607366652998, 0.3171392633347003], [0.46825575948845327, 0.5317442405115468], [0.39208419014567264, 0.6079158098543274], [0.36730296757219993, 0.6326970324278002], [0.5704087909788097, 0.4295912090211903], [0.6440226414410287, 0.35597735855897134], [0.6681594815487129, 0.33184051845128715], [0.46274456456812135, 0.5372554354318786], [0.3902543655955379, 0.6097456344044621], [0.3667215835668972, 0.6332784164331028], [0.5701825639076342, 0.42981743609236583], [0.6439465032091198, 0.3560534967908802], [0.6681351678023605, 0.33186483219763957], [0.46273547563446293, 0.5372645243655372], [0.3902513515895706, 0.6097486484104294]]"
bursty_attack,A2,B3,M2,18,1136,609,527,125,93,32,0.11003521126760564,56.166666666666664,0.7222222222222222,0.5555555555555556,2,0.5334579833337804,0.4665420166662197,"[0, 0, 0, 2, 2, 2, 0, 0, 0, 2, 2, 2, 0, 0, 0, 2, 2, 2]","[0, 0, 0, 2, 2, 2, 0, 0, 0, 2, 2, 2, 0, 0, 0, 2, 2, 2]","[0, 0, 0, 0, 2, 2, 2, 0, 0, 0, 2, 2, 2, 0, 0, 0, 2, 2]","[[0.7625, 0.23750000000000002], [0.684877529286475, 0.31512247071352506], [0.6614390128890286, 0.33856098711097143], [0.654184318273953, 0.34581568172604704], [0.455034153210174, 0.5449658467898261], [0.38334088289969104, 0.616659117100309], [0.3598917455866136, 0.6401082544133865], [0.5503522473492568, 0.44964775265074325], [0.6184613205061192, 0.3815386794938808], [0.6406824924823717, 0.3593175075176282], [0.4498667321843695, 0.5501332678156304], [0.38161183867556003, 0.61838816132444], [0.3593408072969386, 0.6406591927030614], [0.5501421539378404, 0.4498578460621597], [0.6183911302504916, 0.38160886974950836], [0.640660138263249, 0.35933986173675103], [0.44985820668091797, 0.5501417933190821], [0.38160899023499684, 0.6183910097650032]]"
bursty_attack,A2,B3,M3,18,1136,871,265,146,131,15,0.12852112676056338,55.0,0.7222222222222222,0.5555555555555556,2,0.7649329606383677,0.23506703936163229,"[0, 0, 0, 2, 2, 2, 0, 0, 0, 2, 2, 2, 0, 0, 0, 2, 2, 2]","[0, 0, 0, 2, 2, 2, 0, 0, 0, 2, 2, 2, 0, 0, 0, 2, 2, 2]","[0, 0, 0, 0, 2, 2, 2, 0, 0, 0, 2, 2, 2, 0, 0, 0, 2, 2]","[[0.8724999999999999, 0.12749999999999997], [0.8453141640042598, 0.15468583599574015], [0.8353858849418422, 0.16461411505815782], [0.8321258079258724, 0.16787419207412768], [0.7257045155404986, 0.27429548445950136], [0.6808810394238014, 0.3191189605761986], [0.6654244136730956, 0.3345755863269045], [0.7800129855719392, 0.2199870144280608], [0.8150933948966625, 0.18490660510333745], [0.8258205580843253, 0.17417944191567472], [0.7225997378818586, 0.2774002621181414], [0.6797566771556929, 0.3202433228443071], [0.6650561496771873, 0.3349438503228128], [0.779899694119077, 0.22010030588092286], [0.8150588924987231, 0.18494110750127696], [0.8258099610285803, 0.1741900389714197], [0.7225945929596485, 0.27740540704035155], [0.6797548221075542, 0.3202451778924457]]"
bursty_attack,A3,B1,M1,18,1136,638,498,124,90,34,0.10915492957746478,56.22222222222222,0.7222222222222222,0.5555555555555556,2,0.5562434890532912,0.44375651094670876,"[0, 0, 0, 2, 2, 2, 0, 0, 0, 2, 2, 2, 0, 0, 0, 2, 2, 2]","[0, 0, 0, 2, 2, 2, 0, 0, 0, 2, 2, 2, 0, 0, 0, 2, 2, 2]","[0, 0, 0, 0, 2, 2, 2, 0, 0, 0, 2, 2, 2, 0, 0, 0, 2, 2]","[[0.8025, 0.19750000000000004], [0.8470359925572741, 0.15296400744272592], [0.8472191707936167, 0.1527808292063832], [0.8472201102548702, 0.15277988974512974], [0.1994483216539753, 0.8005516783460247], [0.19798486534571305, 0.802015134654287], [0.19797870422455577, 0.8020212957754442], [0.8456419508246693, 0.15435804917533075], [0.8472132494363014, 0.15278675056369873], [0.8472200796734332, 0.15277992032656681], [0.1994483216719734, 0.8005516783280265], [0.1979848653459631, 0.802015134654037], [0.19797870422455724, 0.8020212957754428], [0.8456419508246693, 0.15435804917533077], [0.8472132494363014, 0.15278675056369873], [0.8472200796734332, 0.15277992032656681], [0.1994483216719734, 0.8005516783280265], [0.1979848653459631, 0.802015134654037]]"
bursty_attack,A3,B1,M2,18,1136,608,528,122,83,39,0.1073943661971831,56.333333333333336,0.7222222222222222,0.5555555555555556,2,0.5314857389561384,0.4685142610438617,"[0, 0, 0, 2, 2, 2, 0, 0, 0, 2, 2, 2, 0, 0, 0, 2, 2, 2]","[0, 0, 0, 2, 2, 2, 0, 0, 0, 2, 2, 2, 0, 0, 0, 2, 2, 2]","[0, 0, 0, 0, 2, 2, 2, 0, 0, 0, 2, 2, 2, 0, 0, 0, 2, 2]","[[0.7625, 0.23750000000000002], [0.8028157343877195, 0.19718426561228047], [0.8029785040824566, 0.1970214959175434], [0.8029793356077336, 0.19702066439226643], [0.1984429730416557, 0.8015570269583443], [0.19702675409092632, 0.8029732459090737], [0.19702069145718976, 0.8029793085428102], [0.8015570269379247, 0.19844297306207526], [0.8029732459088246, 0.19702675409117548], [0.8029793085428087, 0.19702069145719123], [0.19844297306207526, 0.8015570269379247], [0.19702675409117548, 0.8029732459088246], [0.1970206914571912, 0.8029793085428087], [0.8015570269379247, 0.19844297306207526], [0.8029732459088246, 0.19702675409117548], [0.8029793085428087, 0.19702069145719123], [0.19844297306207526, 0.8015570269379247], [0.19702675409117548, 0.8029732459088246]]"
bursty_attack,A3,B1,M3,18,1136,840,296,167,143,24,0.14700704225352113,53.833333333333336,0.7222222222222222,0.5555555555555556,2,0.7329392383732207,0.2670607616267792,"[0, 0, 0, 2, 2, 2, 0, 0, 0, 2, 2, 2, 0, 0, 0, 2, 2, 2]","[0, 0, 0, 2, 2, 2, 0, 0, 0, 2, 2, 2, 0, 0, 0, 2, 2, 2]","[0, 0, 0, 0, 2, 2, 2, 0, 0, 0, 2, 2, 2, 0, 0, 0, 2, 2]","[[0.8724999999999999, 0.12749999999999997], [0.8874941853703919, 0.1125058146296081], [0.8875345038154958, 0.11246549618450424], [0.8875346877249138, 0.1124653122750862], [0.542410881367738, 0.457589118632262], [0.5412780865622059, 0.45872191343779417], [0.5412726148529937, 0.45872738514700634], [0.8870474836174577, 0.11295251638254236], [0.8875332247439636, 0.1124667752560364], [0.8875346817590622, 0.11246531824093775], [0.5424108814026866, 0.4575891185973135], [0.5412780865624499, 0.45872191343755014], [0.541272614852995, 0.4587273851470049], [0.8870474836174577, 0.11295251638254238], [0.8875332247439636, 0.1124667752560364], [0.8875346817590622, 0.11246531824093775], [0.5424108814026866, 0.4575891185973135], [0.5412780865624499, 0.45872191343755014]]"
bursty_attack,A3,B2,M1,18,1136,630,506,114,81,33,0.10035211267605634,56.77777777777778,0.7222222222222222,0.5555555555555556,2,0.548518793480083,0.4514812065199171,"[0, 0, 0, 2, 2, 2, 0, 0, 0, 2, 2, 2, 0, 0, 0, 2, 2, 2]","[0, 0, 0, 2, 2, 2, 0, 0, 0, 2, 2, 2, 0, 0, 0, 2, 2, 2]","[0, 0, 0, 0, 2, 2, 2, 0, 0, 0, 2, 2, 2, 0, 0, 0, 2, 2]","[[0.8025, 0.19750000000000004], [0.7472763804137521, 0.252723619586248], [0.746815313614414, 0.25318468638558606], [0.7468110609904628, 0.25318893900953715], [0.29622529344665854, 0.7037747065533415], [0.2933145679707293, 0.7066854320292708], [0.2932917059343301, 0.7067082940656699], [0.7437689967825778, 0.2562310032174223], [0.7467864727545289, 0.2532135272454711], [0.7468107971548869, 0.25318920284511326], [0.29622529250854324, 0.7037747074914569], [0.29331456796787364, 0.7066854320321264], [0.2932917059343259, 0.706708294065674], [0.7437689967825777, 0.2562310032174224], [0.7467864727545289, 0.2532135272454711], [0.7468107971548869, 0.25318920284511326], [0.29622529250854324, 0.7037747074914569], [0.29331456796787364, 0.7066854320321264]]"
bursty_attack,A3,B2,M2,18,1136,604,532,132,102,30,0.11619718309859155,55.77777777777778,0.7222222222222222,0.5555555555555556,2,0.5265209798674731,0.47347902013252685,"[0, 0, 0, 2, 2, 2, 0, 0, 0, 2, 2, 2, 0, 0, 0, 2, 2, 2]","[0, 0, 0, 2, 2, 2, 0, 0, 0, 2, 2, 2, 0, 0, 0, 2, 2, 2]","[0, 0, 0, 0, 2, 2, 2, 0, 0, 0, 2, 2, 2, 0, 0, 0, 2, 2]","[[0.7625, 0.23750000000000002], [0.7120628069653222, 0.2879371930346778], [0.7116463009610389, 0.2883536990389612], [0.7116424797421013, 0.2883575202578987], [0.2911462721773245, 0.7088537278226755], [0.28837977776872725, 0.7116202222312727], [0.288357757430408, 0.7116422425695921], [0.7088537286612162, 0.29114627133878385], [0.7116202222337725, 0.2883797777662276], [0.7116422425695951, 0.2883577574304049], [0.291146271338784, 0.7088537286612161], [0.2883797777662276, 0.7116202222337725], [0.288357757430405, 0.7116422425695951], [0.7088537286612161, 0.291146271338784], [0.7116202222337725, 0.2883797777662276], [0.7116422425695951, 0.2883577574304049], [0.291146271338784, 0.7088537286612161], [0.2883797777662276, 0.7116202222337725]]"
bursty_attack,A3,B2,M3,18,1136,844,292,134,123,11,0.11795774647887323,55.666666666666664,0.7222222222222222,0.5555555555555556,2,0.7445340981918147,0.2554659018081853,"[0, 0, 0, 2, 2, 2, 0, 0, 0, 2, 2, 2, 0, 0, 0, 2, 2, 2]","[0, 0, 0, 2, 2, 2, 0, 0, 0, 2, 2, 2, 0, 0, 0, 2, 2, 2]","[0, 0, 0, 0, 2, 2, 2, 0, 0, 0, 2, 2, 2, 0, 0, 0, 2, 2]","[[0.8724999999999999, 0.12749999999999997], [0.8507813662747433, 0.14921863372525673], [0.8506322250407884, 0.14936777495921166], [0.8506309922519323, 0.1493690077480678], [0.6106721445613204, 0.3893278554386796], [0.6087710365567152, 0.39122896344328484], [0.6087540664068752, 0.3912459335931249], [0.8493621199330468, 0.1506378800669532], [0.850622719109234, 0.14937728089076607], [0.850630915057845, 0.14936908494215503], [0.6106721443202285, 0.3893278556797716], [0.6087710365563511, 0.3912289634436488], [0.6087540664068791, 0.3912459335931208], [0.8493621199330468, 0.15063788006695322], [0.850622719109234, 0.14937728089076607], [0.850630915057845, 0.14936908494215503], [0.6106721443202285, 0.3893278556797716], [0.6087710365563511, 0.3912289634436488]]"
bursty_attack,A3,B3,M1,18,1136,621,515,122,94,28,0.1073943661971831,56.333333333333336,0.7222222222222222,0.5555555555555556,2,0.541094938287221,0.4589050617127792,"[0, 0, 0, 2, 2, 2, 0, 0, 0, 2, 2, 2, 0, 0, 0, 2, 2, 2]","[0, 0, 0, 2, 2, 2, 0, 0, 0, 2, 2, 2, 0, 0, 0, 2, 2, 2]","[0, 0, 0, 0, 2, 2, 2, 0, 0, 0, 2, 2, 2, 0, 0, 0, 2, 2]","[[0.8025, 0.19750000000000004], [0.6398380375815709, 0.3601619624184291], [0.638127487433026, 0.3618725125669739], [0.6381090101458671, 0.3618909898541329], [0.40105068951889883, 0.5989493104811011], [0.39880668437094, 0.60119331562906], [0.3987843941017895, 0.6012156058982104], [0.6358026057743564, 0.36419739422564357], [0.638085558229014, 0.361914441770986], [0.6381085617497336, 0.3618914382502665], [0.40105068586545417, 0.5989493141345459], [0.3988066843396322, 0.6011933156603679], [0.39878439410150496, 0.6012156058984951], [0.6358026057743538, 0.36419739422564623], [0.638085558229014, 0.36191444177098603], [0.6381085617497335, 0.36189143825026643], [0.4010506858654542, 0.5989493141345458], [0.3988066843396321, 0.6011933156603679]]"
bursty_attack,A3,B3,M2,18,1136,594,542,114,85,29,0.10035211267605634,56.77777777777778,0.7222222222222222,0.5555555555555556,2,0.5209964504812721,0.4790035495187278,"[0, 0, 0, 2, 2, 2, 0, 0, 0, 2, 2, 2, 0, 0, 0, 2, 2, 2]","[0, 0, 0, 2, 2, 2, 0, 0, 0, 2, 2, 2, 0, 0, 0, 2, 2, 2]","[0, 0, 0, 0, 2, 2, 2, 0, 0, 0, 2, 2, 2, 0, 0, 0, 2, 2]","[[0.7625, 0.23750000000000002], [0.61326362135388, 0.38673637864612], [0.6117018342007077, 0.38829816579929227], [0.6116850201609352, 0.3883149798390648], [0.39044910739977706, 0.6095508926002229], [0.38833652554732845, 0.6116634744526716], [0.3883153884310931, 0.6116846115689069], [0.6095508959574889, 0.39044910404251104], [0.6116634744817117, 0.38833652551828846], [0.6116846115691734, 0.3883153884308267], [0.39044910404251354, 0.6095508959574865], [0.38833652551828846, 0.6116634744817115], [0.38831538843082664, 0.6116846115691733], [0.6095508959574865, 0.39044910404251354], [0.6116634744817115, 0.3883365255182885], [0.6116846115691733, 0.38831538843082664], [0.3904491040425136, 0.6095508959574865], [0.3883365255182884, 0.6116634744817117]]"
bursty_attack,A3,B3,M3,18,1136,848,288,150,133,17,0.13204225352112675,54.77777777777778,0.7222222222222222,0.5555555555555556,2,0.7504055236455796,0.2495944763544205,"[0, 0, 0, 2, 2, 2, 0, 0, 0, 2, 2, 2, 0, 0, 0, 2, 2, 2]","[0, 0, 0, 2, 2, 2, 0, 0, 0, 2, 2, 2, 0, 0, 0, 2, 2, 2]","[0, 0, 0, 0, 2, 2, 2, 0, 0, 0, 2, 2, 2, 0, 0, 0, 2, 2]","[[0.8724999999999999, 0.12749999999999997], [0.8038171239877349, 0.1961828760122651], [0.8031479148067975, 0.19685208519320252], [0.8031410802513441, 0.19685891974865594], [0.6768396146850463, 0.32316038531495367], [0.675515572605659, 0.324484427394341], [0.6755013544069144, 0.32449864559308556], [0.8020406370562843, 0.1979593629437158], [0.8031309719978967, 0.19686902800210315], [0.8031409104858122, 0.19685908951418785], [0.6768396131048697, 0.32316038689513027], [0.6755155725902265, 0.32448442740977346], [0.6755013544067568, 0.3244986455932431], [0.8020406370562828, 0.19795936294371713], [0.8031309719978968, 0.19686902800210318], [0.8031409104858122, 0.19685908951418787], [0.6768396131048697, 0.3231603868951302], [0.6755155725902265, 0.3244844274097735]]"
prolonged_high_recovery,A1,B1,M1,18,1136,243,893,179,89,90,0.15757042253521128,53.166666666666664,0.9444444444444444,0.1111111111111111,2,0.2091145945691674,0.7908854054308326,"[2, 2, 2, 2, 2, 2, 2, 2, 2, 2, 2, 2, 2, 2, 2, 2, 2, 2]","[2, 2, 2, 2, 2, 2, 2, 2, 2, 2, 2, 2, 2, 2, 2, 2, 2, 2]","[0, 2, 2, 2, 2, 2, 2, 2, 2, 2, 2, 2, 2, 2, 2, 2, 2, 2]","[[0.8025, 0.19750000000000004], [0.29381167763157895, 0.7061883223684211], [0.17538097889202262, 0.8246190211079775], [0.16688079180442367, 0.8331192081955763], [0.1661751303747801, 0.83382486962522], [0.16610790440190995, 0.8338920955980901], [0.16610120144619675, 0.8338987985538032], [0.1661005247152532, 0.8338994752847468], [0.16610045617006633, 0.8338995438299337], [0.1661004492214213, 0.8338995507785787], [0.16610044851686473, 0.8338995514831353], [0.16610044844542246, 0.8338995515545775], [0.1661004484381781, 0.8338995515618219], [0.16610044843744348, 0.8338995515625566], [0.166100448437369, 0.8338995515626311], [0.16610044843736144, 0.8338995515626385], [0.1661004484373607, 0.8338995515626394], [0.1661004484373606, 0.8338995515626394]]"
prolonged_high_recovery,A1,B1,M2,18,1136,240,896,184,87,97,0.1619718309859155,52.888888888888886,0.9444444444444444,0.1111111111111111,2,0.20647968026541824,0.7935203197345816,"[2, 2, 2, 2, 2, 2, 2, 2, 2, 2, 2, 2, 2, 2, 2, 2, 2, 2]","[2, 2, 2, 2, 2, 2, 2, 2, 2, 2, 2, 2, 2, 2, 2, 2, 2, 2]","[0, 2, 2, 2, 2, 2, 2, 2, 2, 2, 2, 2, 2, 2, 2, 2, 2, 2]","[[0.7625, 0.23750000000000002], [0.2880139802631579, 0.7119860197368422], [0.1750725427200449, 0.824927457279955], [0.16678353752786043, 0.8332164624721395], [0.1660870178909801, 0.8339129821090199], [0.16602039295899357, 0.8339796070410064], [0.16601374248888523, 0.8339862575111148], [0.1660130708610477, 0.8339869291389523], [0.16601300282765907, 0.8339869971723409], [0.1660129959307649, 0.8339870040692351], [0.1660129952314522, 0.8339870047685479], [0.16601299516054155, 0.8339870048394585], [0.16601299515335108, 0.8339870048466489], [0.16601299515262194, 0.8339870048473781], [0.16601299515254803, 0.833987004847452], [0.1660129951525405, 0.8339870048474595], [0.16601299515253976, 0.8339870048474604], [0.16601299515253967, 0.8339870048474604]]"
prolonged_high_recovery,A1,B1,M3,18,1136,615,521,266,216,50,0.23415492957746478,48.333333333333336,0.9444444444444444,0.1111111111111111,2,0.5406701944429232,0.4593298055570767,"[2, 2, 2, 2, 2, 2, 2, 2, 2, 2, 2, 2, 2, 2, 2, 2, 2, 2]","[2, 2, 2, 2, 2, 2, 2, 2, 2, 2, 2, 2, 2, 2, 2, 2, 2, 2]","[0, 2, 2, 2, 2, 2, 2, 2, 2, 2, 2, 2, 2, 2, 2, 2, 2, 2]","[[0.8724999999999999, 0.12749999999999997], [0.6032277960526315, 0.3967722039473684], [0.5232219256881788, 0.4767780743118213], [0.516200011868481, 0.48379998813151903], [0.5155583429881802, 0.48444165701181985], [0.5154953243014954, 0.48450467569850464], [0.5154889887450161, 0.4845110112549839], [0.5154883477358146, 0.4845116522641854], [0.5154882827732156, 0.4845117172267845], [0.5154882761868264, 0.4845117238131736], [0.5154882755189768, 0.48451172448102314], [0.5154882754512561, 0.484511724548744], [0.515488275444389, 0.48451172455561103], [0.5154882754436927, 0.4845117245563073], [0.5154882754436221, 0.484511724556378], [0.5154882754436149, 0.4845117245563851], [0.5154882754436142, 0.48451172455638586], [0.5154882754436141, 0.48451172455638586]]"
prolonged_high_recovery,A1,B2,M1,18,1136,298,838,190,98,92,0.16725352112676056,52.55555555555556,0.8888888888888888,0.2222222222222222,2,0.26128007607583437,0.7387199239241656,"[2, 2, 2, 2, 2, 2, 2, 2, 2, 2, 2, 2, 2, 2, 2, 2, 2, 2]","[2, 2, 2, 2, 2, 2, 2, 2, 2, 2, 2, 2, 2, 2, 2, 2, 2, 2]","[0, 0, 2, 2, 2, 2, 2, 2, 2, 2, 2, 2, 2, 2, 2, 2, 2, 2]","[[0.8025, 0.19750000000000004], [0.5241935483870968, 0.4758064516129032], [0.30379559179402216, 0.6962044082059778], [0.22708069674950587, 0.7729193032504941], [0.20833755451007346, 0.7916624454899265], [0.2040424173799143, 0.7959575826200856], [0.2030411013779599, 0.7969588986220401], [0.20280096503028197, 0.7971990349697179], [0.2027420100477597, 0.7972579899522403], [0.2027272936073746, 0.7972727063926255], [0.2027235791803726, 0.7972764208196275], [0.20272263494841553, 0.7972773650515845], [0.2027223938325884, 0.7972776061674117], [0.20272233208788015, 0.79727766791212], [0.20272231624854742, 0.7972776837514526], [0.20272231218086745, 0.7972776878191326], [0.20272231113554845, 0.7972776888644515], [0.20272231086680909, 0.7972776891331909]]"
prolonged_high_recovery,A1,B2,M2,18,1136,293,843,218,98,120,0.19190140845070422,51.0,0.8888888888888888,0.2222222222222222,2,0.25693797192705853,0.7430620280729415,"[2, 2, 2, 2, 2, 2, 2, 2, 2, 2, 2, 2, 2, 2, 2, 2, 2, 2]","[2, 2, 2, 2, 2, 2, 2, 2, 2, 2, 2, 2, 2, 2, 2, 2, 2, 2]","[0, 0, 2, 2, 2, 2, 2, 2, 2, 2, 2, 2, 2, 2, 2, 2, 2, 2]","[[0.7625, 0.23750000000000002], [0.5044179523141655, 0.49558204768583447], [0.2977555647605137, 0.7022444352394863], [0.22522858293048048, 0.7747714170695195], [0.20738095144848673, 0.7926190485515133], [0.2032659038393017, 0.7967340961606983], [0.20230192403306882, 0.7976980759669312], [0.20206992164276513, 0.7979300783572347], [0.20201282394576076, 0.7979871760542393], [0.20199854793184974, 0.7980014520681503], [0.2019949408819454, 0.7980050591180546], [0.20199402333463057, 0.7980059766653694], [0.20199378893490688, 0.7980062110650932], [0.20199372889441428, 0.7980062711055858], [0.20199371348977463, 0.7980062865102254], [0.2019937095333324, 0.7980062904666677], [0.20199370851653672, 0.7980062914834632], [0.20199370825512045, 0.7980062917448796]]"
prolonged_high_recovery,A1,B2,M3,18,1136,659,477,253,206,47,0.2227112676056338,49.05555555555556,0.8888888888888888,0.2222222222222222,2,0.5808853470344039,0.41911465296559614,"[2, 2, 2, 2, 2, 2, 2, 2, 2, 2, 2, 2, 2, 2, 2, 2, 2, 2]","[2, 2, 2, 2, 2, 2, 2, 2, 2, 2, 2, 2, 2, 2, 2, 2, 2, 2]","[0, 0, 2, 2, 2, 2, 2, 2, 2, 2, 2, 2, 2, 2, 2, 2, 2, 2]","[[0.8724999999999999, 0.12749999999999997], [0.7357643758765778, 0.26423562412342216], [0.6115154025594629, 0.38848459744053715], [0.5641159000163283, 0.4358840999836718], [0.5516413330789662, 0.44835866692103377], [0.5486068225956261, 0.4513931774043739], [0.5478668599637223, 0.4521331400362777], [0.5476836613176642, 0.4523163386823359], [0.5476377073337669, 0.45236229266623307], [0.5476260738787005, 0.4523739261212995], [0.5476231110913822, 0.4523768889086179], [0.5476223536519208, 0.45237764634807925], [0.5476221595488179, 0.45237784045118223], [0.5476221097336191, 0.45237789026638087], [0.5476220969371378, 0.45237790306286224], [0.5476220936481221, 0.45237790635187797], [0.5476220928024664, 0.4523779071975336], [0.5476220925849885, 0.45237790741501144]]"
prolonged_high_recovery,A1,B3,M1,18,1136,410,726,219,149,70,0.19278169014084506,50.94444444444444,0.8333333333333334,0.3333333333333333,2,0.36037920573395055,0.6396207942660497,"[2, 2, 2, 2, 2, 2, 2, 2, 2, 2, 2, 2, 2, 2, 2, 2, 2, 2]","[2, 2, 2, 2, 2, 2, 2, 2, 2, 2, 2, 2, 2, 2, 2, 2, 2, 2]","[0, 0, 0, 2, 2, 2, 2, 2, 2, 2, 2, 2, 2, 2, 2, 2, 2, 2]","[[0.8025, 0.19750000000000004], [0.6645060115002615, 0.33549398849973866], [0.5286327561672094, 0.47136724383279055], [0.42296403312694203, 0.577035966873058], [0.3555677788122872, 0.6444322211877129], [0.3179667568900179, 0.682033243109982], [0.29854832987660235, 0.7014516701233977], [0.2889156303112924, 0.7110843696887076], [0.2842300611270977, 0.7157699388729024], [0.28197147812302475, 0.7180285218769752], [0.2808870703833795, 0.7191129296166205], [0.2803672272578639, 0.7196327727421361], [0.28011814493610904, 0.719881855063891], [0.2799988004652827, 0.7200011995347173], [0.2799416098745064, 0.7200583901254936], [0.27991419860123196, 0.7200858013987681], [0.27990105806152615, 0.7200989419384738], [0.27989475769647393, 0.7201052423035261]]"
prolonged_high_recovery,A1,B3,M2,18,1136,403,733,226,131,95,0.198943661971831,50.55555555555556,0.8333333333333334,0.3333333333333333,2,0.35157997318516676,0.6484200268148332,"[2, 2, 2, 2, 2, 2, 2, 2, 2, 2, 2, 2, 2, 2, 2, 2, 2, 2]","[2, 2, 2, 2, 2, 2, 2, 2, 2, 2, 2, 2, 2, 2, 2, 2, 2, 2]","[0, 0, 0, 2, 2, 2, 2, 2, 2, 2, 2, 2, 2, 2, 2, 2, 2, 2]","[[0.7625, 0.23750000000000002], [0.6350235232618923, 0.3649764767381078], [0.5088145969228418, 0.4911854030771582], [0.41033633104263945, 0.5896636689573606], [0.34738870428696467, 0.6526112957130353], [0.3122151154204435, 0.6877848845795566], [0.29402943618302374, 0.7059705638169762], [0.28500041682210875, 0.7149995831778914], [0.28060557750863346, 0.7193944224913666], [0.2784860572357815, 0.7215139427642184], [0.27746802012794625, 0.7225319798720538], [0.2769798476373534, 0.7230201523626466], [0.27674588659989197, 0.723254113400108], [0.27663376759370883, 0.7233662324062912], [0.27658003226491873, 0.7234199677350812], [0.27655427443959507, 0.723445725560405], [0.27654192556663254, 0.7234580744333675], [0.27653600441862536, 0.7234639955813746]]"
prolonged_high_recovery,A1,B3,M3,18,1136,738,398,310,269,41,0.272887323943662,45.888888888888886,0.8333333333333334,0.3333333333333333,2,0.6487845778924642,0.35121542210753565,"[2, 2, 2, 2, 2, 2, 2, 2, 2, 2, 2, 2, 2, 2, 2, 2, 2, 2]","[2, 2, 2, 2, 2, 2, 2, 2, 2, 2, 2, 2, 2, 2, 2, 2, 2, 2]","[0, 0, 0, 2, 2, 2, 2, 2, 2, 2, 2, 2, 2, 2, 2, 2, 2, 2]","[[0.8724999999999999, 0.12749999999999997], [0.8081285938316779, 0.19187140616832196], [0.7399056414566362, 0.2600943585433639], [0.6845701185368241, 0.3154298814631759], [0.6483142571350298, 0.3516857428649703], [0.627705266602997, 0.3722947333970031], [0.6169160740215524, 0.3830839259784477], [0.6115091358870064, 0.3884908641129936], [0.608858675797848, 0.39114132420215203], [0.607573531912322, 0.39242646808767806], [0.6069537185953466, 0.3930462814046533], [0.6066555699142904, 0.3933444300857096], [0.6065123365825899, 0.3934876634174101], [0.6064435703642659, 0.3935564296357341], [0.6064105666073929, 0.3935894333926071], [0.6063947294697738, 0.3936052705302262], [0.6063871305972708, 0.3936128694027292], [0.6063834847515337, 0.39361651524846625]]"
prolonged_high_recovery,A2,B1,M1,18,1136,256,880,181,94,87,0.15933098591549297,53.05555555555556,0.9444444444444444,0.1111111111111111,2,0.22019095556819385,0.7798090444318062,"[2, 2, 2, 2, 2, 2, 2, 2, 2, 2, 2, 2, 2, 2, 2, 2, 2, 2]","[2, 2, 2, 2, 2, 2, 2, 2, 2, 2, 2, 2, 2, 2, 2, 2, 2, 2]","[0, 2, 2, 2, 2, 2, 2, 2, 2, 2, 2, 2, 2, 2, 2, 2, 2, 2]","[[0.8025, 0.19750000000000004], [0.24369058935361218, 0.7563094106463879], [0.1863283199184258, 0.8136716800815742], [0.1823464831638188, 0.8176535168361813], [0.18206143709476977, 0.8179385629052303], [0.18204074873431364, 0.8179592512656864], [0.18203924282206718, 0.8179607571779328], [0.18203913314745912, 0.8179608668525409], [0.18203912515917264, 0.8179608748408272], [0.18203912457732632, 0.8179608754226737], [0.18203912453494603, 0.817960875465054], [0.18203912453185914, 0.8179608754681409], [0.18203912453163426, 0.8179608754683657], [0.1820391245316179, 0.8179608754683821], [0.18203912453161672, 0.8179608754683834], [0.1820391245316166, 0.8179608754683834], [0.18203912453161664, 0.8179608754683834], [0.18203912453161664, 0.8179608754683834]]"
prolonged_high_recovery,A2,B1,M2,18,1136,253,883,176,83,93,0.15492957746478872,53.333333333333336,0.9444444444444444,0.1111111111111111,2,0.21754391649455507,0.7824560835054449,"[2, 2, 2, 2, 2, 2, 2, 2, 2, 2, 2, 2, 2, 2, 2, 2, 2, 2]","[2, 2, 2, 2, 2, 2, 2, 2, 2, 2, 2, 2, 2, 2, 2, 2, 2, 2]","[0, 2, 2, 2, 2, 2, 2, 2, 2, 2, 2, 2, 2, 2, 2, 2, 2, 2]","[[0.7625, 0.23750000000000002], [0.24157557034220534, 0.7584244296577947], [0.18591177076779555, 0.8140882292322045], [0.18200104967735825, 0.8179989503226418], [0.18172043265932517, 0.8182795673406749], [0.18170005728851682, 0.8182999427114832], [0.1816985740525976, 0.8183014259474024], [0.1816984660281617, 0.8183015339718382], [0.18169845816005098, 0.8183015418399491], [0.1816984575869577, 0.8183015424130423], [0.1816984575452149, 0.818301542454785], [0.18169845754217448, 0.8183015424578255], [0.18169845754195302, 0.818301542458047], [0.1816984575419369, 0.8183015424580631], [0.18169845754193573, 0.8183015424580643], [0.18169845754193564, 0.8183015424580644], [0.18169845754193564, 0.8183015424580644], [0.18169845754193564, 0.8183015424580644]]"
prolonged_high_recovery,A2,B1,M3,18,1136,628,508,279,215,64,0.24559859154929578,47.611111111111114,0.9444444444444444,0.1111111111111111,2,0.5516616820527224,0.44833831794727774,"[2, 2, 2, 2, 2, 2, 2, 2, 2, 2, 2, 2, 2, 2, 2, 2, 2, 2]","[2, 2, 2, 2, 2, 2, 2, 2, 2, 2, 2, 2, 2, 2, 2, 2, 2, 2]","[0, 2, 2, 2, 2, 2, 2, 2, 2, 2, 2, 2, 2, 2, 2, 2, 2, 2]","[[0.8724999999999999, 0.12749999999999997], [0.5788854562737643, 0.4211145437262358], [0.5334124758640141, 0.466587524135986], [0.529928448758595, 0.470071551241405], [0.5296744060466574, 0.47032559395334256], [0.5296559086137359, 0.4703440913862641], [0.52965456143578, 0.47034543856422], [0.5296544633123772, 0.47034553668762286], [0.5296544561653207, 0.4703455438346793], [0.529654455644746, 0.47034554435525405], [0.5296544556068284, 0.4703455443931715], [0.5296544556040667, 0.47034554439593335], [0.5296544556038655, 0.4703455443961345], [0.5296544556038508, 0.4703455443961492], [0.5296544556038498, 0.47034554439615023], [0.5296544556038497, 0.47034554439615034], [0.5296544556038497, 0.47034554439615034], [0.5296544556038497, 0.47034554439615034]]"
prolonged_high_recovery,A2,B2,M1,18,1136,330,806,206,121,85,0.1813380281690141,51.666666666666664,0.9444444444444444,0.1111111111111111,2,0.2913298751395751,0.7086701248604249,"[2, 2, 2, 2, 2, 2, 2, 2, 2, 2, 2, 2, 2, 2, 2, 2, 2, 2]","[2, 2, 2, 2, 2, 2, 2, 2, 2, 2, 2, 2, 2, 2, 2, 2, 2, 2]","[0, 2, 2, 2, 2, 2, 2, 2, 2, 2, 2, 2, 2, 2, 2, 2, 2, 2]","[[0.8025, 0.19750000000000004], [0.3909321175278622, 0.6090678824721377], [0.2788519766301335, 0.7211480233698665], [0.2563066514513741, 0.7436933485486259], [0.2520135563477588, 0.7479864436522412], [0.251198800732827, 0.748801199267173], [0.2510438929671606, 0.7489561070328394], [0.2510144076177681, 0.748985592382232], [0.25100879276232085, 0.7489912072376791], [0.2510077233565588, 0.7489922766434413], [0.2510075196660528, 0.7489924803339472], [0.251007480868255, 0.748992519131745], [0.251007473478229, 0.7489925265217711], [0.2510074720706081, 0.7489925279293919], [0.2510074718024903, 0.7489925281975097], [0.2510074717514203, 0.7489925282485798], [0.2510074717416927, 0.7489925282583073], [0.25100747173983984, 0.7489925282601602]]"
prolonged_high_recovery,A2,B2,M2,18,1136,327,809,191,92,99,0.1681338028169014,52.5,0.9444444444444444,0.1111111111111111,2,0.2864738698811021,0.7135261301188979,"[2, 2, 2, 2, 2, 2, 2, 2, 2, 2, 2, 2, 2, 2, 2, 2, 2, 2]","[2, 2, 2, 2, 2, 2, 2, 2, 2, 2, 2, 2, 2, 2, 2, 2, 2, 2]","[0, 2, 2, 2, 2, 2, 2, 2, 2, 2, 2, 2, 2, 2, 2, 2, 2, 2]","[[0.7625, 0.23750000000000002], [0.3819148936170213, 0.6180851063829786], [0.27543818499722805, 0.724561815002772], [0.25379738338444213, 0.7462026166155579], [0.24966184826238097, 0.750338151737619], [0.248876082397287, 0.751123917602713], [0.2487266307620683, 0.7512733692379316], [0.24869818056887782, 0.7513018194311223], [0.2486927626329703, 0.7513072373670296], [0.24869173072019593, 0.7513082692798041], [0.24869153417026246, 0.7513084658297375], [0.2486914967325149, 0.7513085032674851], [0.2486914896015423, 0.7513085103984578], [0.24869148824326465, 0.7513085117567353], [0.2486914879845455, 0.7513085120154545], [0.24869148793526574, 0.7513085120647343], [0.24869148792587914, 0.7513085120741209], [0.2486914879240912, 0.7513085120759088]]"
prolonged_high_recovery,A2,B2,M3,18,1136,685,451,299,249,50,0.2632042253521127,46.5,0.9444444444444444,0.1111111111111111,2,0.607337838330264,0.392662161669736,"[2, 2, 2, 2, 2, 2, 2, 2, 2, 2, 2, 2, 2, 2, 2, 2, 2, 2]","[2, 2, 2, 2, 2, 2, 2, 2, 2, 2, 2, 2, 2, 2, 2, 2, 2, 2]","[0, 2, 2, 2, 2, 2, 2, 2, 2, 2, 2, 2, 2, 2, 2, 2, 2, 2]","[[0.8724999999999999, 0.12749999999999997], [0.6778115501519757, 0.3221884498480243], [0.6049554351997953, 0.3950445648002047], [0.5887417749828501, 0.4112582250171499], [0.585551599750114, 0.4144484002498861], [0.584939772384047, 0.415060227615953], [0.5848230575315145, 0.4151769424684854], [0.5848008182755358, 0.4151991817244642], [0.5847965818568671, 0.41520341814313283], [0.5847957749020191, 0.415204225097981], [0.5847956211955205, 0.4152043788044794], [0.5847955919180745, 0.4152044080819255], [0.5847955863414223, 0.41520441365857774], [0.5847955852792039, 0.415204414720796], [0.5847955850768769, 0.41520441492312304], [0.5847955850383385, 0.4152044149616615], [0.5847955850309979, 0.4152044149690021], [0.5847955850295997, 0.41520441497040034]]"
prolonged_high_recovery,A2,B3,M1,18,1136,450,686,215,153,62,0.1892605633802817,51.166666666666664,0.8888888888888888,0.16666666666666666,2,0.39363229261396704,0.6063677073860331,"[2, 2, 2, 2, 2, 2, 2, 2, 2, 2, 2, 2, 2, 2, 2, 2, 2, 2]","[2, 2, 2, 2, 2, 2, 2, 2, 2, 2, 2, 2, 2, 2, 2, 2, 2, 2]","[0, 1, 2, 2, 2, 2, 2, 2, 2, 2, 2, 2, 2, 2, 2, 2, 2, 2]","[[0.8025, 0.19750000000000004], [0.5133973479652493, 0.4866026520347508], [0.4071444358492652, 0.5928555641507349], [0.3720939963115071, 0.6279060036884929], [0.36098075461167617, 0.6390192453883238], [0.3574997839155483, 0.6425002160844517], [0.3564131908148441, 0.6435868091851559], [0.35607431695065717, 0.643925683049343], [0.35596865642678077, 0.6440313435732192], [0.35593571311254185, 0.6440642868874582], [0.35592544196037784, 0.6440745580396222], [0.3559222395901824, 0.6440777604098176], [0.3559212411442638, 0.6440787588557362], [0.3559209298451153, 0.6440790701548846], [0.35592083278707887, 0.6440791672129211], [0.3559208025259483, 0.6440791974740517], [0.3559207930910151, 0.6440792069089849], [0.3559207901493547, 0.6440792098506454]]"
prolonged_high_recovery,A2,B3,M2,18,1136,433,703,226,149,77,0.198943661971831,50.55555555555556,0.8888888888888888,0.16666666666666666,2,0.384218312601341,0.615781687398659,"[2, 2, 2, 2, 2, 2, 2, 2, 2, 2, 2, 2, 2, 2, 2, 2, 2, 2]","[2, 2, 2, 2, 2, 2, 2, 2, 2, 2, 2, 2, 2, 2, 2, 2, 2, 2]","[0, 1, 2, 2, 2, 2, 2, 2, 2, 2, 2, 2, 2, 2, 2, 2, 2, 2]","[[0.7625, 0.23750000000000002], [0.49711934156378595, 0.502880658436214], [0.39754116476958773, 0.6024588352304122], [0.3644282793511444, 0.6355717206488556], [0.35389789359224794, 0.646102106407752], [0.35059584910332997, 0.64940415089667], [0.3495646915696144, 0.6504353084303856], [0.3492430587820595, 0.6507569412179406], [0.34914276859691296, 0.650857231403087], [0.3491114990551072, 0.6508885009448928], [0.3491017496859592, 0.6508982503140408], [0.34909870999083725, 0.6509012900091627], [0.34909776226340083, 0.6509022377365992], [0.3490974667773443, 0.6509025332226557], [0.34909737464956225, 0.6509026253504377], [0.3490973459256042, 0.6509026540743958], [0.3490973369699364, 0.6509026630300636], [0.3490973341777033, 0.6509026658222967]]"
prolonged_high_recovery,A2,B3,M3,18,1136,769,367,311,264,47,0.2737676056338028,45.833333333333336,0.8888888888888888,0.16666666666666666,2,0.6777344325255851,0.32226556747441504,"[2, 2, 2, 2, 2, 2, 2, 2, 2, 2, 2, 2, 2, 2, 2, 2, 2, 2]","[2, 2, 2, 2, 2, 2, 2, 2, 2, 2, 2, 2, 2, 2, 2, 2, 2, 2]","[0, 1, 2, 2, 2, 2, 2, 2, 2, 2, 2, 2, 2, 2, 2, 2, 2, 2]","[[0.8724999999999999, 0.12749999999999997], [0.7494513031550069, 0.25054869684499315], [0.689921538291524, 0.3100784617084761], [0.6684339775889683, 0.33156602241103184], [0.6614007274756787, 0.33859927252432137], [0.6591722402300197, 0.3408277597699803], [0.658473696098236, 0.341526303901764], [0.6582555097704739, 0.34174449022952624], [0.6581874416177061, 0.34181255838229385], [0.6581662147104994, 0.3418337852895006], [0.6581595960394474, 0.34184040396055265], [0.6581575323947664, 0.34184246760523357], [0.658156888978223, 0.34184311102177695], [0.6581566883707184, 0.3418433116292816], [0.6581566258244627, 0.3418433741755373], [0.6581566063235396, 0.3418433936764605], [0.6581566002434647, 0.34184339975653544], [0.6581565983477949, 0.34184340165220506]]"
prolonged_high_recovery,A3,B1,M1,18,1136,269,867,174,93,81,0.15316901408450703,53.44444444444444,0.9444444444444444,0.1111111111111111,2,0.23164363964378046,0.7683563603562197,"[2, 2, 2, 2, 2, 2, 2, 2, 2, 2, 2, 2, 2, 2, 2, 2, 2, 2]","[2, 2, 2, 2, 2, 2, 2, 2, 2, 2, 2, 2, 2, 2, 2, 2, 2, 2]","[0, 2, 2, 2, 2, 2, 2, 2, 2, 2, 2, 2, 2, 2, 2, 2, 2, 2]","[[0.8025, 0.19750000000000004], [0.1994205003557031, 0.8005794996442969], [0.19798489644449882, 0.8020151035555012], [0.19797870453967986, 0.8020212954603202], [0.1979786724636157, 0.8020213275363843], [0.19797867229197563, 0.8020213277080244], [0.1979786722910525, 0.8020213277089475], [0.19797867229104754, 0.8020213277089524], [0.1979786722910475, 0.8020213277089525], [0.1979786722910475, 0.8020213277089525], [0.1979786722910475, 0.8020213277089525], [0.1979786722910475, 0.8020213277089525], [0.1979786722910475, 0.8020213277089525], [0.1979786722910475, 0.8020213277089525], [0.1979786722910475, 0.8020213277089525], [0.1979786722910475, 0.8020213277089525], [0.1979786722910475, 0.8020213277089525], [0.1979786722910475, 0.8020213277089525]]"
prolonged_high_recovery,A3,B1,M2,18,1136,266,870,191,97,94,0.1681338028169014,52.5,0.9444444444444444,0.1111111111111111,2,0.22851418453195882,0.7714858154680413,"[2, 2, 2, 2, 2, 2, 2, 2, 2, 2, 2, 2, 2, 2, 2, 2, 2, 2]","[2, 2, 2, 2, 2, 2, 2, 2, 2, 2, 2, 2, 2, 2, 2, 2, 2, 2]","[0, 2, 2, 2, 2, 2, 2, 2, 2, 2, 2, 2, 2, 2, 2, 2, 2, 2]","[[0.7625, 0.23750000000000002], [0.19841860327246857, 0.8015813967275314], [0.19702678735951465, 0.8029732126404854], [0.1970206917705908, 0.8029793082294092], [0.19702066009913555, 0.8029793399008645], [0.19702065992958048, 0.8029793400704195], [0.19702065992866855, 0.8029793400713315], [0.1970206599286636, 0.8029793400713364], [0.19702065992866358, 0.8029793400713364], [0.19702065992866358, 0.8029793400713364], [0.19702065992866358, 0.8029793400713364], [0.19702065992866358, 0.8029793400713364], [0.19702065992866358, 0.8029793400713364], [0.19702065992866358, 0.8029793400713364], [0.19702065992866358, 0.8029793400713364], [0.19702065992866358, 0.8029793400713364], [0.19702065992866358, 0.8029793400713364], [0.19702065992866358, 0.8029793400713364]]"
prolonged_high_recovery,A3,B1,M3,18,1136,642,494,257,203,54,0.2262323943661972,48.833333333333336,0.9444444444444444,0.1111111111111111,2,0.5597374538610287,0.44026254613897137,"[2, 2, 2, 2, 2, 2, 2, 2, 2, 2, 2, 2, 2, 2, 2, 2, 2, 2]","[2, 2, 2, 2, 2, 2, 2, 2, 2, 2, 2, 2, 2, 2, 2, 2, 2, 2]","[0, 2, 2, 2, 2, 2, 2, 2, 2, 2, 2, 2, 2, 2, 2, 2, 2, 2]","[[0.8724999999999999, 0.12749999999999997], [0.5424072207730614, 0.4575927792269386], [0.5412781328496097, 0.45872186715039037], [0.5412726151560565, 0.4587273848439435], [0.5412725859122546, 0.4587274140877454], [0.5412725857552096, 0.4587274142447904], [0.5412725857543645, 0.4587274142456355], [0.54127258575436, 0.45872741424564], [0.54127258575436, 0.45872741424564006], [0.54127258575436, 0.45872741424564006], [0.54127258575436, 0.45872741424564006], [0.54127258575436, 0.45872741424564006], [0.54127258575436, 0.45872741424564006], [0.54127258575436, 0.45872741424564006], [0.54127258575436, 0.45872741424564006], [0.54127258575436, 0.45872741424564006], [0.54127258575436, 0.45872741424564006], [0.54127258575436, 0.45872741424564006]]"
prolonged_high_recovery,A3,B2,M1,18,1136,369,767,209,121,88,0.18397887323943662,51.5,0.9444444444444444,0.1111111111111111,2,0.3217600839359089,0.6782399160640911,"[2, 2, 2, 2, 2, 2, 2, 2, 2, 2, 2, 2, 2, 2, 2, 2, 2, 2]","[2, 2, 2, 2, 2, 2, 2, 2, 2, 2, 2, 2, 2, 2, 2, 2, 2, 2]","[0, 2, 2, 2, 2, 2, 2, 2, 2, 2, 2, 2, 2, 2, 2, 2, 2, 2]","[[0.8025, 0.19750000000000004], [0.29649268366269427, 0.7035073163373058], [0.29331611258465506, 0.7066838874153449], [0.2932917171122395, 0.7067082828877606], [0.2932915017292122, 0.7067084982707879], [0.29329149969213525, 0.7067085003078648], [0.2932914996722994, 0.7067085003277006], [0.293291499672104, 0.7067085003278961], [0.29329149967210205, 0.7067085003278979], [0.29329149967210205, 0.706708500327898], [0.29329149967210205, 0.706708500327898], [0.29329149967210205, 0.706708500327898], [0.29329149967210205, 0.706708500327898], [0.29329149967210205, 0.706708500327898], [0.29329149967210205, 0.706708500327898], [0.29329149967210205, 0.706708500327898], [0.29329149967210205, 0.706708500327898], [0.29329149967210205, 0.706708500327898]]"
prolonged_high_recovery,A3,B2,M2,18,1136,352,784,197,107,90,0.17341549295774647,52.166666666666664,0.9444444444444444,0.1111111111111111,2,0.31486881574106573,0.6851311842589344,"[2, 2, 2, 2, 2, 2, 2, 2, 2, 2, 2, 2, 2, 2, 2, 2, 2, 2]","[2, 2, 2, 2, 2, 2, 2, 2, 2, 2, 2, 2, 2, 2, 2, 2, 2, 2]","[0, 2, 2, 2, 2, 2, 2, 2, 2, 2, 2, 2, 2, 2, 2, 2, 2, 2]","[[0.7625, 0.23750000000000002], [0.2913938753959874, 0.7086061246040126], [0.28838123463142634, 0.7116187653685737], [0.28835776814381814, 0.7116422318561819], [0.2883575593684672, 0.7116424406315328], [0.2883575573871864, 0.7116424426128136], [0.2883575573678675, 0.7116424426321325], [0.28835755736767715, 0.7116424426323229], [0.28835755736767527, 0.7116424426323248], [0.28835755736767527, 0.7116424426323248], [0.28835755736767527, 0.7116424426323248], [0.28835755736767527, 0.7116424426323248], [0.28835755736767527, 0.7116424426323248], [0.28835755736767527, 0.7116424426323248], [0.28835755736767527, 0.7116424426323248], [0.28835755736767527, 0.7116424426323248], [0.28835755736767527, 0.7116424426323248], [0.28835755736767527, 0.7116424426323248]]"
prolonged_high_recovery,A3,B2,M3,18,1136,709,427,296,255,41,0.2605633802816901,46.666666666666664,0.9444444444444444,0.1111111111111111,2,0.6235212065720064,0.37647879342799356,"[2, 2, 2, 2, 2, 2, 2, 2, 2, 2, 2, 2, 2, 2, 2, 2, 2, 2]","[2, 2, 2, 2, 2, 2, 2, 2, 2, 2, 2, 2, 2, 2, 2, 2, 2, 2]","[0, 2, 2, 2, 2, 2, 2, 2, 2, 2, 2, 2, 2, 2, 2, 2, 2, 2]","[[0.8724999999999999, 0.12749999999999997], [0.610801025795746, 0.38919897420425403], [0.6087719669120542, 0.3912280330879459], [0.60875407433329, 0.39124592566670996], [0.6087539052039972, 0.39124609479600286], [0.6087539035574931, 0.3912460964425069], [0.6087539035412765, 0.3912460964587236], [0.608753903541116, 0.3912460964588841], [0.6087539035411145, 0.3912460964588856], [0.6087539035411144, 0.3912460964588856], [0.6087539035411144, 0.3912460964588856], [0.6087539035411144, 0.3912460964588856], [0.6087539035411144, 0.3912460964588856], [0.6087539035411144, 0.3912460964588856], [0.6087539035411144, 0.3912460964588856], [0.6087539035411144, 0.3912460964588856], [0.6087539035411144, 0.3912460964588856], [0.6087539035411144, 0.3912460964588856]]"
prolonged_high_recovery,A3,B3,M1,18,1136,486,650,236,168,68,0.20774647887323944,50.0,0.9444444444444444,0.1111111111111111,2,0.4214187085865768,0.5785812914134233,"[2, 2, 2, 2, 2, 2, 2, 2, 2, 2, 2, 2, 2, 2, 2, 2, 2, 2]","[2, 2, 2, 2, 2, 2, 2, 2, 2, 2, 2, 2, 2, 2, 2, 2, 2, 2]","[0, 2, 2, 2, 2, 2, 2, 2, 2, 2, 2, 2, 2, 2, 2, 2, 2, 2]","[[0.8025, 0.19750000000000004], [0.4024546678280149, 0.597545332171985], [0.39881931493181244, 0.6011806850681876], [0.3987845144146018, 0.6012154855853982], [0.3987841646658804, 0.6012158353341197], [0.39878416101483943, 0.6012158389851605], [0.39878416097566594, 0.6012158390243341], [0.3987841609752378, 0.6012158390247623], [0.39878416097523306, 0.601215839024767], [0.39878416097523295, 0.601215839024767], [0.39878416097523295, 0.601215839024767], [0.39878416097523295, 0.601215839024767], [0.39878416097523295, 0.601215839024767], [0.39878416097523295, 0.601215839024767], [0.39878416097523295, 0.601215839024767], [0.39878416097523295, 0.601215839024767], [0.39878416097523295, 0.601215839024767], [0.39878416097523295, 0.601215839024767]]"
prolonged_high_recovery,A3,B3,M2,18,1136,468,668,222,154,68,0.1954225352112676,50.77777777777778,0.9444444444444444,0.1111111111111111,2,0.40929585064840207,0.5907041493515979,"[2, 2, 2, 2, 2, 2, 2, 2, 2, 2, 2, 2, 2, 2, 2, 2, 2, 2]","[2, 2, 2, 2, 2, 2, 2, 2, 2, 2, 2, 2, 2, 2, 2, 2, 2, 2]","[0, 2, 2, 2, 2, 2, 2, 2, 2, 2, 2, 2, 2, 2, 2, 2, 2, 2]","[[0.7625, 0.23750000000000002], [0.39174914878454353, 0.6082508512154564], [0.3883483314889875, 0.6116516685110125], [0.388315501850337, 0.6116844981496631], [0.3883151696649747, 0.6116848303350253], [0.3883151661797896, 0.6116848338202103], [0.38831516614226447, 0.6116848338577355], [0.3883151661418533, 0.6116848338581468], [0.3883151661418488, 0.6116848338581513], [0.3883151661418487, 0.6116848338581513], [0.3883151661418487, 0.6116848338581513], [0.3883151661418487, 0.6116848338581513], [0.3883151661418487, 0.6116848338581513], [0.3883151661418487, 0.6116848338581513], [0.3883151661418487, 0.6116848338581513], [0.3883151661418487, 0.6116848338581513], [0.3883151661418487, 0.6116848338581513], [0.3883151661418487, 0.6116848338581513]]"
prolonged_high_recovery,A3,B3,M3,18,1136,776,360,294,259,35,0.25880281690140844,46.77777777777778,0.9444444444444444,0.1111111111111111,2,0.6865587030193536,0.3134412969806464,"[2, 2, 2, 2, 2, 2, 2, 2, 2, 2, 2, 2, 2, 2, 2, 2, 2, 2]","[2, 2, 2, 2, 2, 2, 2, 2, 2, 2, 2, 2, 2, 2, 2, 2, 2, 2]","[0, 2, 2, 2, 2, 2, 2, 2, 2, 2, 2, 2, 2, 2, 2, 2, 2, 2]","[[0.8724999999999999, 0.12749999999999997], [0.6775160345237152, 0.3224839654762847], [0.6755224308320376, 0.32447756916796244], [0.6755014264647476, 0.3244985735352524], [0.6755011996595405, 0.3244988003404595], [0.6755011971694908, 0.3244988028305093], [0.6755011971418555, 0.32449880285814453], [0.6755011971415467, 0.32449880285845334], [0.6755011971415432, 0.3244988028584568], [0.6755011971415432, 0.3244988028584568], [0.6755011971415432, 0.3244988028584568], [0.6755011971415432, 0.3244988028584568], [0.6755011971415432, 0.3244988028584568], [0.6755011971415432, 0.3244988028584568], [0.6755011971415432, 0.3244988028584568], [0.6755011971415432, 0.3244988028584568], [0.6755011971415432, 0.3244988028584568], [0.6755011971415432, 0.3244988028584568]]"
medium_dominated,A1,B1,M1,18,1136,612,524,86,67,19,0.07570422535211267,58.333333333333336,0.7222222222222222,0.2777777777777778,1,0.5386663397605722,0.46133366023942773,"[1, 1, 1, 1, 1, 0, 0, 0, 1, 1, 1, 1, 1, 2, 2, 2, 1, 1]","[1, 1, 1, 1, 1, 0, 0, 0, 1, 1, 1, 1, 1, 2, 2, 2, 1, 1]","[0, 1, 1, 1, 1, 1, 0, 0, 0, 1, 1, 1, 1, 1, 2, 2, 2, 1]","[[0.8025, 0.19750000000000004], [0.5892439243924392, 0.41075607560756083], [0.5137015809815617, 0.48629841901843834], [0.5028074612607855, 0.4971925387392146], [0.5015152746493333, 0.4984847253506667], [0.5013656397252164, 0.49863436027478364], [0.7651936088001081, 0.23480639119989194], [0.8781817755137571, 0.12181822448624299], [0.8919017926692913, 0.1080982073307088], [0.6584150665386804, 0.3415849334613196], [0.5270593567083944, 0.4729406432916055], [0.5044490716163036, 0.49555092838369635], [0.5017046866218652, 0.4982953133781349], [0.5013873948248133, 0.49861260517518674], [0.2714866056113174, 0.7285133943886827], [0.17968285464361056, 0.8203171453563894], [0.16751889786359195, 0.832481102136408], [0.43787912326923184, 0.5621208767307682]]"
medium_dominated,A1,B1,M2,18,1136,558,578,71,62,9,0.0625,59.166666666666664,0.6111111111111112,0.3888888888888889,1,0.4915214100183708,0.5084785899816292,"[1, 2, 2, 1, 1, 0, 0, 0, 1, 1, 1, 1, 1, 2, 2, 2, 1, 1]","[1, 1, 1, 1, 1, 0, 0, 0, 1, 1, 1, 1, 1, 2, 2, 2, 1, 1]","[0, 1, 2, 2, 1, 1, 0, 0, 0, 1, 1, 1, 1, 1, 2, 2, 2, 1]","[[0.7625, 0.23750000000000002], [0.5765526552655266, 0.4234473447344735], [0.2723804517430355, 0.7276195482569645], [0.17838029346846426, 0.8216197065315358], [0.44099519049723523, 0.5590048095027648], [0.49419802676479735, 0.5058019732352026], [0.7304953983249864, 0.2695046016750136], [0.8306949399757082, 0.16930506002429185], [0.842840606470244, 0.157159393529756], [0.6374482946152817, 0.3625517053847182], [0.5225866146223662, 0.47741338537763384], [0.502884719071315, 0.49711528092868507], [0.5004997762839603, 0.4995002237160398], [0.5002246339197349, 0.4997753660802651], [0.27072362129027877, 0.7292763787097213], [0.17949786489872138, 0.8205021351012787], [0.16742098355772275, 0.8325790164422773], [0.43706130956129724, 0.5629386904387027]]"
medium_dominated,A1,B1,M3,18,1136,912,224,99,93,6,0.08714788732394366,57.611111111111114,0.7222222222222222,0.2777777777777778,1,0.8028535142600715,0.19714648573992855,"[1, 1, 1, 1, 1, 0, 0, 0, 1, 1, 1, 1, 1, 2, 2, 2, 1, 1]","[1, 1, 1, 1, 1, 0, 0, 0, 1, 1, 1, 1, 1, 2, 2, 2, 1, 1]","[0, 1, 1, 1, 1, 1, 0, 0, 0, 1, 1, 1, 1, 1, 2, 2, 2, 1]","[[0.8724999999999999, 0.12749999999999997], [0.8504050405040504, 0.1495949594959496], [0.8440963986593152, 0.15590360134068482], [0.843331587109758, 0.15666841289024205], [0.8432542465212944, 0.15674575347870556], [0.8432465169026803, 0.1567534830973198], [0.8786582179693138, 0.12134178203068627], [0.8963334476344066, 0.10366655236559333], [0.8985208718612071, 0.10147912813879294], [0.8617112769353248, 0.13828872306467516], [0.8457649790193399, 0.15423502098066016], [0.8435004817537141, 0.1564995182462859], [0.8432705320513435, 0.15672946794865644], [0.8432480935471034, 0.15675190645289672], [0.6161457152554888, 0.3838542847445112], [0.5283879259986086, 0.47161207400139143], [0.5168334976665498, 0.4831665023334501], [0.7821544272917881, 0.2178455727082119]]"
medium_dominated,A1,B2,M1,18,1136,644,492,77,64,13,0.06778169014084508,58.833333333333336,0.6111111111111112,0.3888888888888889,1,0.5645844179677179,0.4354155820322821,"[1, 1, 1, 1, 1, 0, 0, 0, 1, 1, 1, 1, 1, 2, 2, 2, 1, 1]","[1, 1, 1, 1, 1, 0, 0, 0, 1, 1, 1, 1, 1, 2, 2, 2, 1, 1]","[0, 0, 1, 1, 1, 1, 0, 0, 0, 0, 1, 1, 1, 1, 2, 2, 2, 1]","[[0.8025, 0.19750000000000004], [0.6776881720430108, 0.3223118279569893], [0.5869291705498603, 0.41307082945013973], [0.5400200831512931, 0.4599799168487069], [0.5201192708480651, 0.4798807291519349], [0.5124024568940214, 0.48759754310597864], [0.685870725966318, 0.31412927403368196], [0.8122695110263362, 0.18773048897366382], [0.8586901478988779, 0.14130985210112212], [0.7247277693026397, 0.2752722306973603], [0.6149857043799163, 0.38501429562008377], [0.5528830888324427, 0.44711691116755725], [0.5252627867975779, 0.4747372132024222], [0.514344246744311, 0.485655753255689], [0.3645229187431016, 0.6354770812568984], [0.2596092279084357, 0.7403907720915642], [0.21908560240626082, 0.7809143975937392], [0.3906086399264534, 0.6093913600735466]]"
medium_dominated,A1,B2,M2,18,1136,625,511,79,63,16,0.06954225352112677,58.72222222222222,0.6111111111111112,0.3888888888888889,1,0.5483736766051467,0.4516263233948533,"[1, 1, 1, 1, 1, 0, 0, 0, 1, 1, 1, 1, 1, 2, 2, 2, 1, 1]","[1, 1, 1, 1, 1, 0, 0, 0, 1, 1, 1, 1, 1, 2, 2, 2, 1, 1]","[0, 0, 1, 1, 1, 1, 0, 0, 0, 0, 1, 1, 1, 1, 2, 2, 2, 1]","[[0.7625, 0.23750000000000002], [0.6524193548387097, 0.3475806451612904], [0.5725768872320597, 0.42742311276794037], [0.5313761069222277, 0.4686238930777723], [0.5139167763400535, 0.4860832236599465], [0.5071524194948088, 0.49284758050519123], [0.6598202067045255, 0.3401797932954745], [0.7719127269442553, 0.22808727305574472], [0.8131671733535285, 0.1868328266464715], [0.6943504936758861, 0.30564950632411403], [0.5974337764879913, 0.4025662235120087], [0.5427318171857142, 0.4572681828142858], [0.5184468406001344, 0.4815531593998657], [0.508859661322603, 0.49114033867739704], [0.3604926754874234, 0.6395073245125765], [0.2575608401188889, 0.7424391598811111], [0.21795119778814798, 0.782048802211852], [0.38805722439568274, 0.6119427756043172]]"
medium_dominated,A1,B2,M3,18,1136,912,224,108,99,9,0.09507042253521127,57.111111111111114,0.6111111111111112,0.3888888888888889,1,0.8011092284297198,0.19889077157028032,"[1, 1, 1, 1, 1, 0, 0, 0, 1, 1, 1, 1, 1, 2, 2, 2, 1, 1]","[1, 1, 1, 1, 1, 0, 0, 0, 1, 1, 1, 1, 1, 2, 2, 2, 1, 1]","[0, 0, 1, 1, 1, 1, 0, 0, 0, 0, 1, 1, 1, 1, 2, 2, 2, 1]","[[0.8724999999999999, 0.12749999999999997], [0.8508064516129032, 0.14919354838709678], [0.8364631873252563, 0.16353681267474374], [0.8295122495478354, 0.17048775045216452], [0.8267018092919841, 0.1732981907080159], [0.8256521950995336, 0.17434780490046647], [0.8535170911337704, 0.14648290886622964], [0.8797720224517702, 0.12022797754822984], [0.8900293260814323, 0.1099706739185678], [0.8620868399153638, 0.13791316008463614], [0.8421222091364419, 0.1578777908635581], [0.8318241873053429, 0.16817581269465706], [0.8275511634154734, 0.17244883658452662], [0.825952148792355, 0.17404785120764504], [0.6863112159533544, 0.3136887840466456], [0.595270513381608, 0.40472948661839203], [0.5611447700794711, 0.43885522992052894], [0.7227487312110586, 0.2772512687889414]]"
medium_dominated,A1,B3,M1,18,1136,685,451,85,77,8,0.07482394366197183,58.388888888888886,0.4444444444444444,0.5555555555555556,1,0.6003146846606416,0.3996853153393583,"[1, 1, 1, 1, 1, 0, 0, 0, 1, 1, 1, 1, 1, 2, 2, 2, 1, 1]","[1, 1, 1, 1, 1, 0, 0, 0, 1, 1, 1, 1, 1, 2, 2, 2, 1, 1]","[0, 0, 0, 1, 1, 1, 0, 0, 0, 0, 0, 1, 1, 1, 1, 2, 2, 1]","[[0.8025, 0.19750000000000004], [0.7190353460972018, 0.2809646539027983], [0.6541634910499103, 0.3458365089500896], [0.6080003416980537, 0.39199965830194633], [0.5772039952193121, 0.4227960047806879], [0.5575419475407501, 0.4424580524592499], [0.6595007205424721, 0.340499279457528], [0.7384806171350137, 0.26151938286498644], [0.7862213295395324, 0.21377867046046764], [0.7074176623276778, 0.29258233767232217], [0.6462382560425762, 0.3537617439574239], [0.6028263928436933, 0.3971736071563067], [0.5739415396622138, 0.4260584603377862], [0.5555341223783893, 0.44446587762161066], [0.46433880727907956, 0.5356611927209205], [0.38901684588524826, 0.6109831541147518], [0.3391298527414163, 0.6608701472585837], [0.42457305590901, 0.57542694409099]]"
medium_dominated,A1,B3,M2,18,1136,661,475,68,57,11,0.05985915492957746,59.333333333333336,0.4444444444444444,0.5555555555555556,1,0.5793124109689215,0.4206875890310784,"[1, 1, 1, 1, 1, 0, 0, 0, 1, 1, 1, 1, 1, 2, 2, 2, 1, 1]","[1, 1, 1, 1, 1, 0, 0, 0, 1, 1, 1, 1, 1, 2, 2, 2, 1, 1]","[0, 0, 0, 1, 1, 1, 0, 0, 0, 0, 0, 1, 1, 1, 1, 2, 2, 1]","[[0.7625, 0.23750000000000002], [0.6878865979381442, 0.3121134020618557], [0.6299333635446063, 0.3700666364553938], [0.5887123595206694, 0.4112876404793306], [0.5612218132734101, 0.4387781867265899], [0.5436744023780351, 0.45632559762196484], [0.6339589954931973, 0.36604100450680266], [0.7046128395277276, 0.2953871604722725], [0.747506635349969, 0.252493364650031], [0.6772766177522621, 0.32272338224773794], [0.6227415742670485, 0.37725842573295154], [0.5840388146875743, 0.4159611853124257], [0.5582846368330735, 0.4417153631669265], [0.5418711095233465, 0.4581288904766535], [0.45292292695416786, 0.5470770730458321], [0.38041504915680213, 0.619584950843198], [0.33274121198130374, 0.6672587880186963], [0.41732444925925144, 0.5826755507407485]]"
medium_dominated,A1,B3,M3,18,1136,912,224,123,121,2,0.10827464788732394,56.27777777777778,0.4444444444444444,0.5555555555555556,1,0.8032987688186011,0.19670123118139893,"[1, 1, 1, 1, 1, 0, 0, 0, 1, 1, 1, 1, 1, 2, 2, 2, 1, 1]","[1, 1, 1, 1, 1, 0, 0, 0, 1, 1, 1, 1, 1, 2, 2, 2, 1, 1]","[0, 0, 0, 1, 1, 1, 0, 0, 0, 0, 0, 1, 1, 1, 1, 2, 2, 1]","[[0.8724999999999999, 0.12749999999999997], [0.8509941089837997, 0.1490058910162003], [0.8345525985127814, 0.16544740148721856], [0.8229844664563639, 0.17701553354363603], [0.8153287215979984, 0.18467127840200168], [0.8104691314017451, 0.18953086859825488], [0.8307086451975494, 0.1692913548024506], [0.8514061738840105, 0.14859382611598937], [0.8652184702125886, 0.13478152978741137], [0.8464303502997675, 0.1535696497002325], [0.831761483613882, 0.16823851638611798], [0.8213133457508602, 0.17868665424913974], [0.814343219858232, 0.18565678014176806], [0.8098930323930895, 0.19010696760691043], [0.7344276450046977, 0.26557235499530235], [0.6788042687861251, 0.32119573121387496], [0.6444093674206282, 0.35559063257937185], [0.7238328093607004, 0.27616719063929973]]"
medium_dominated,A2,B1,M1,18,1136,598,538,66,51,15,0.058098591549295774,59.44444444444444,0.7222222222222222,0.2777777777777778,1,0.5273616440021515,0.4726383559978486,"[1, 1, 1, 1, 1, 0, 0, 0, 1, 1, 1, 1, 1, 2, 2, 2, 1, 1]","[1, 1, 1, 1, 1, 0, 0, 0, 1, 1, 1, 1, 1, 2, 2, 2, 1, 1]","[0, 1, 1, 1, 1, 1, 0, 0, 0, 1, 1, 1, 1, 1, 2, 2, 2, 1]","[[0.8025, 0.19750000000000004], [0.526220562894888, 0.473779437105112], [0.5039500251714637, 0.4960499748285363], [0.502494920759614, 0.49750507924038595], [0.5024008247581835, 0.49759917524181657], [0.5023947338297143, 0.4976052661702857], [0.8183541421625468, 0.1816458578374533], [0.8605794311460818, 0.1394205688539181], [0.8638550635436483, 0.13614493645635178], [0.5317862164821678, 0.46821378351783216], [0.5043181149810303, 0.4956818850189697], [0.5025188304616582, 0.4974811695383418], [0.5024023776230798, 0.4975976223769201], [0.5023948347480595, 0.4976051652519405], [0.22313121660510166, 0.7768687833948983], [0.18522007675035196, 0.8147799232496481], [0.18227212518543176, 0.8177278748145682], [0.4757160949357048, 0.5242839050642952]]"
medium_dominated,A2,B1,M2,18,1136,587,549,78,57,21,0.06866197183098592,58.77777777777778,0.7222222222222222,0.2777777777777778,1,0.515941538824539,0.4840584611754611,"[1, 1, 1, 1, 1, 0, 0, 0, 1, 1, 1, 1, 1, 2, 2, 2, 1, 1]","[1, 1, 1, 1, 1, 0, 0, 0, 1, 1, 1, 1, 1, 2, 2, 2, 1, 1]","[0, 1, 1, 1, 1, 1, 0, 0, 0, 1, 1, 1, 1, 1, 2, 2, 2, 1]","[[0.7625, 0.23750000000000002], [0.5211085582998277, 0.47889144170017234], [0.5013925503293943, 0.49860744967060566], [0.5000908083310587, 0.49990919166894143], [0.5000059180242146, 0.4999940819757855], [0.5000003856684044, 0.4999996143315956], [0.7777707541418485, 0.22222924585815151], [0.8151677029158774, 0.18483229708412263], [0.8180720382052618, 0.18192796179473825], [0.5261660567527146, 0.47383394324728545], [0.5017287829637984, 0.49827121703620164], [0.5001127429846955, 0.4998872570153044], [0.500007347546693, 0.49999265245330704], [0.500000478828256, 0.4999995211717439], [0.2222293621676169, 0.7777706378323831], [0.18483230593208927, 0.8151676940679108], [0.1819279624378203, 0.8180720375621797], [0.4738339433121301, 0.5261660566878699]]"
medium_dominated,A2,B1,M3,18,1136,904,232,114,104,10,0.10035211267605634,56.77777777777778,0.7222222222222222,0.2777777777777778,1,0.7974209077588639,0.20257909224113602,"[1, 1, 1, 1, 1, 0, 0, 0, 1, 1, 1, 1, 1, 2, 2, 2, 1, 1]","[1, 1, 1, 1, 1, 0, 0, 0, 1, 1, 1, 1, 1, 2, 2, 2, 1, 1]","[0, 1, 1, 1, 1, 1, 0, 0, 0, 1, 1, 1, 1, 1, 2, 2, 2, 1]","[[0.8724999999999999, 0.12749999999999997], [0.8404365307294659, 0.1595634692705342], [0.8360477012769781, 0.1639522987230219], [0.8356661337597262, 0.1643338662402739], [0.8356364776204009, 0.164363522379599], [0.8356342967005447, 0.1643657032994554], [0.8842704260176592, 0.11572957398234095], [0.8926973335346501, 0.10730266646534989], [0.8933738861749428, 0.10662611382505705], [0.8424450983759949, 0.15755490162400507], [0.8361927908604067, 0.1638072091395934], [0.8356762181229198, 0.16432378187708016], [0.8356371670883715, 0.16436283291162845], [0.8356343433094354, 0.1643656566905646], [0.5668182355427086, 0.4331817644572914], [0.5325056810225132, 0.4674943189774869], [0.5298629859521515, 0.4701370140478485], [0.8125410335706821, 0.18745896642931795]]"
medium_dominated,A2,B2,M1,18,1136,604,532,80,66,14,0.07042253521126761,58.666666666666664,0.7222222222222222,0.2777777777777778,1,0.5323642581675526,0.4676357418324474,"[1, 1, 1, 1, 1, 0, 0, 0, 1, 1, 1, 1, 1, 2, 2, 2, 1, 1]","[1, 1, 1, 1, 1, 0, 0, 0, 1, 1, 1, 1, 1, 2, 2, 2, 1, 1]","[0, 1, 1, 1, 1, 1, 0, 0, 0, 1, 1, 1, 1, 1, 2, 2, 2, 1]","[[0.8025, 0.19750000000000004], [0.5654011461318053, 0.43459885386819486], [0.5177538426591959, 0.4822461573408041], [0.5090211768013448, 0.49097882319865527], [0.5074348077678439, 0.4925651922321562], [0.5071463443670982, 0.49285365563290184], [0.7154340332339361, 0.28456596676606394], [0.7742602849295079, 0.225739715070492], [0.7865658414900292, 0.21343415850997094], [0.561869897585914, 0.438130102414086], [0.5171002055113529, 0.4828997944886471], [0.5089025044411848, 0.49109749555881516], [0.5074132563030831, 0.49258674369691696], [0.5071424233107127, 0.49285757668928737], [0.3197699530177714, 0.6802300469822287], [0.2652687773923276, 0.7347312226076723], [0.2537782752458478, 0.7462217247541523], [0.45579387682699163, 0.5442061231730083]]"
medium_dominated,A2,B2,M2,18,1136,591,545,87,70,17,0.07658450704225352,58.27777777777778,0.7222222222222222,0.2777777777777778,1,0.5187934005551509,0.48120659944484906,"[1, 1, 1, 1, 1, 0, 0, 0, 1, 1, 1, 1, 1, 2, 2, 2, 1, 2]","[1, 1, 1, 1, 1, 0, 0, 0, 1, 1, 1, 1, 1, 2, 2, 2, 1, 1]","[0, 1, 1, 1, 1, 1, 0, 0, 0, 1, 1, 1, 1, 1, 2, 2, 2, 1]","[[0.7625, 0.23750000000000002], [0.5526504297994269, 0.4473495702005731], [0.5097391534792156, 0.49026084652078444], [0.5017826348645069, 0.49821736513549314], [0.5003258648638713, 0.4996741351361287], [0.5000595584178152, 0.49994044158218476], [0.6846587080094528, 0.31534129199054717], [0.7375325503658523, 0.26246744963414764], [0.7486348099507251, 0.25136519004927504], [0.549502273351914, 0.45049772664808607], [0.5091476354809463, 0.49085236451905373], [0.5016741558739984, 0.4983258441260015], [0.5003060302631358, 0.49969396973686425], [0.5000559331367688, 0.49994406686323123], [0.31537301473239143, 0.6846269852676086], [0.26247400892750755, 0.7375259910724925], [0.25136645527035945, 0.7486335447296406], [0.45049799320482903, 0.549502006795171]]"
medium_dominated,A2,B2,M3,18,1136,897,239,126,116,10,0.11091549295774648,56.111111111111114,0.7222222222222222,0.2777777777777778,1,0.7873682548807409,0.21263174511925906,"[1, 1, 1, 1, 1, 0, 0, 0, 1, 1, 1, 1, 1, 2, 2, 2, 1, 1]","[1, 1, 1, 1, 1, 0, 0, 0, 1, 1, 1, 1, 1, 2, 2, 2, 1, 1]","[0, 1, 1, 1, 1, 1, 0, 0, 0, 1, 1, 1, 1, 1, 2, 2, 2, 1]","[[0.8724999999999999, 0.12749999999999997], [0.8261461318051576, 0.17385386819484241], [0.8116510183993337, 0.18834898160066632], [0.8083513832434798, 0.19164861675652028], [0.8076722074400362, 0.1923277925599638], [0.8075388427221176, 0.1924611572778824], [0.8500067566625534, 0.14999324333744662], [0.8671661429839188, 0.13283385701608127], [0.8710486207149002, 0.1289513792850997], [0.8252965279479139, 0.17470347205208614], [0.8114322152985067, 0.18856778470149338], [0.8083040644708805, 0.19169593552911948], [0.8076626740234522, 0.1923373259765478], [0.8075369920931059, 0.1924630079068941], [0.6389913850201117, 0.36100861497988834], [0.5957053981385868, 0.4042946018614132], [0.5868955354174294, 0.4131044645825706], [0.7687226914718532, 0.23127730852814687]]"
medium_dominated,A2,B3,M1,18,1136,611,525,94,77,17,0.08274647887323944,57.888888888888886,0.7222222222222222,0.2777777777777778,1,0.5363102926111205,0.4636897073888795,"[1, 1, 1, 1, 1, 0, 0, 0, 1, 1, 1, 1, 1, 2, 2, 2, 1, 1]","[1, 1, 1, 1, 1, 0, 0, 0, 1, 1, 1, 1, 1, 2, 2, 2, 1, 1]","[0, 1, 1, 1, 1, 1, 0, 0, 0, 1, 1, 1, 1, 1, 2, 2, 2, 1]","[[0.8025, 0.19750000000000004], [0.5914218958611482, 0.4085781041388518], [0.5327218570610985, 0.4672781429389016], [0.5168494933182345, 0.48315050668176557], [0.5125618035270377, 0.48743819647296227], [0.51140154534973, 0.4885984546502699], [0.620116727546145, 0.37988327245385506], [0.6600591477066318, 0.3399408522933683], [0.6732070584439334, 0.32679294155606664], [0.5551100680899727, 0.44488993191002735], [0.5228669094061746, 0.47713309059382536], [0.5141825619508439, 0.48581743804915617], [0.5118394365113692, 0.48816056348863085], [0.5112057135481395, 0.4887942864518606], [0.4124164968600539, 0.5875835031399461], [0.3744762533711989, 0.6255237466288011], [0.3618083987938646, 0.6381916012061354], [0.4688398996545919, 0.5311601003454082]]"
medium_dominated,A2,B3,M2,18,1136,593,543,91,78,13,0.0801056338028169,58.05555555555556,0.7222222222222222,0.2777777777777778,1,0.5210442436536277,0.47895575634637233,"[1, 1, 1, 1, 1, 0, 0, 0, 1, 1, 1, 1, 1, 2, 2, 2, 1, 1]","[1, 1, 1, 1, 1, 0, 0, 0, 1, 1, 1, 1, 1, 2, 2, 2, 1, 1]","[0, 1, 1, 1, 1, 1, 0, 0, 0, 1, 1, 1, 1, 1, 2, 2, 2, 1]","[[0.7625, 0.23750000000000002], [0.5735981308411214, 0.4264018691588785], [0.5200763947902396, 0.4799236052097605], [0.5054534775442833, 0.4945465224557168], [0.501480420519274, 0.4985195794807261], [0.5004018417974411, 0.4995981582025589], [0.5970349976092572, 0.40296500239074284], [0.6333070941051382, 0.36669290589486186], [0.6453304433111184, 0.3546695566888816], [0.5402625249790842, 0.4597374750209158], [0.5109626352536797, 0.48903736474632037], [0.5029770159815022, 0.4970229840184978], [0.5008081173598988, 0.4991918826401012], [0.500219352049614, 0.4997806479503861], [0.40318399952307626, 0.5968160004769237], [0.36676412585055035, 0.6332358741494496], [0.3546920564230563, 0.6453079435769438], [0.45974375782696303, 0.540256242173037]]"
medium_dominated,A2,B3,M3,18,1136,885,251,116,106,10,0.10211267605633803,56.666666666666664,0.7222222222222222,0.2777777777777778,1,0.779447949908671,0.22055205009132908,"[1, 1, 1, 1, 1, 0, 0, 0, 1, 1, 1, 1, 1, 2, 2, 2, 1, 1]","[1, 1, 1, 1, 1, 0, 0, 0, 1, 1, 1, 1, 1, 2, 2, 2, 1, 1]","[0, 1, 1, 1, 1, 1, 0, 0, 0, 1, 1, 1, 1, 1, 2, 2, 2, 1]","[[0.8724999999999999, 0.12749999999999997], [0.8166555407209614, 0.18334445927903875], [0.7942036211650856, 0.20579637883491442], [0.7870773829005756, 0.2129226170994244], [0.7849921224726915, 0.2150078775273086], [0.7844036204837074, 0.21559637951629257], [0.8085446179879304, 0.1914553820120696], [0.8227947724961766, 0.17720522750382342], [0.8280707525142283, 0.17192924748577174], [0.8011772663137541, 0.19882273368624592], [0.7895369903387097, 0.21046300966129028], [0.7857437401654525, 0.2142562598345476], [0.7846202024510766, 0.21537979754892345], [0.7843011830584609, 0.2156988169415392], [0.6977890155012108, 0.30221098449878936], [0.670491360726659, 0.329508639273341], [0.6619940021982067, 0.33800599780179336], [0.7551669068611901, 0.2448330931388099]]"
medium_dominated,A3,B1,M1,18,1136,596,540,67,56,11,0.05897887323943662,59.388888888888886,0.7222222222222222,0.2777777777777778,1,0.5268844371811298,0.47311556281887035,"[1, 1, 1, 1, 1, 0, 0, 0, 1, 1, 1, 1, 1, 2, 2, 2, 1, 1]","[1, 1, 1, 1, 1, 0, 0, 0, 1, 1, 1, 1, 1, 2, 2, 2, 1, 1]","[0, 1, 1, 1, 1, 1, 0, 0, 0, 1, 1, 1, 1, 1, 2, 2, 2, 1]","[[0.8025, 0.19750000000000004], [0.5049014685578009, 0.495098531442199], [0.5040913321018107, 0.4959086678981893], [0.5040889440512064, 0.4959110559487936], [0.5040889357940599, 0.49591106420594017], [0.5040889357592641, 0.495911064240736], [0.8453061619249865, 0.15469383807501347], [0.8472097857042777, 0.15279021429572223], [0.8472200596759449, 0.15277994032405517], [0.5050198534145104, 0.4949801465854897], [0.5040916557839487, 0.4959083442160514], [0.5040889450407162, 0.4959110549592837], [0.5040889357976631, 0.49591106420233694], [0.50408893575928, 0.49591106424072], [0.19969124161198004, 0.8003087583880201], [0.19798791912825325, 0.8020120808717468], [0.19797872208881995, 0.80202127791118], [0.5033880370658117, 0.4966119629341883]]"
medium_dominated,A3,B1,M2,18,1136,585,551,66,56,10,0.058098591549295774,59.44444444444444,0.7222222222222222,0.2777777777777778,1,0.5146201382639255,0.4853798617360745,"[1, 1, 1, 1, 1, 0, 0, 0, 1, 1, 1, 1, 1, 2, 2, 2, 1, 1]","[1, 1, 1, 1, 1, 0, 0, 0, 1, 1, 1, 1, 1, 2, 2, 2, 1, 1]","[0, 1, 1, 1, 1, 1, 0, 0, 0, 1, 1, 1, 1, 1, 2, 2, 2, 1]","[[0.7625, 0.23750000000000002], [0.5006589682440066, 0.4993410317559935], [0.5000016291350162, 0.4999983708649838], [0.5000000040272515, 0.4999999959727484], [0.5000000000099555, 0.4999999999900446], [0.5000000000000246, 0.4999999999999754], [0.801286962812736, 0.19871303718726385], [0.8029702044021447, 0.19702979559785525], [0.8029792908739917, 0.1970207091260084], [0.5007615142960594, 0.4992384857039407], [0.5000018826688802, 0.4999981173311199], [0.5000000046539922, 0.49999999534600786], [0.5000000000115048, 0.49999999998849526], [0.5000000000000284, 0.4999999999999716], [0.19871303718726335, 0.8012869628127367], [0.19702979559785522, 0.8029702044021448], [0.1970207091260084, 0.8029792908739917], [0.4992384857039407, 0.5007615142960593]]"
medium_dominated,A3,B1,M3,18,1136,902,234,107,96,11,0.09419014084507042,57.166666666666664,0.7222222222222222,0.2777777777777778,1,0.7910343447607006,0.2089656552392995,"[1, 1, 1, 1, 1, 0, 0, 0, 1, 1, 1, 1, 1, 2, 2, 2, 1, 1]","[1, 1, 1, 1, 1, 0, 0, 0, 1, 1, 1, 1, 1, 2, 2, 2, 1, 1]","[0, 1, 1, 1, 1, 1, 0, 0, 0, 1, 1, 1, 1, 1, 2, 2, 2, 1]","[[0.8724999999999999, 0.12749999999999997], [0.8252039663612402, 0.1747960336387599], [0.8254634113342492, 0.17453658866575084], [0.8254663638835225, 0.1745336361164775], [0.8254663853053289, 0.17453361469467113], [0.8254663854445882, 0.17453361455541194], [0.8871717681392337, 0.11282823186076629], [0.8875327165893467, 0.11246728341065326], [0.8875346780622722, 0.11246532193772774], [0.8252114795853536, 0.1747885204146465], [0.8254632439784692, 0.1745367560215308], [0.8254663623336477, 0.17453363766635235], [0.8254663852945546, 0.17453361470544534], [0.8254663854445189, 0.174533614555481], [0.5428438106389634, 0.45715618936103675], [0.541281054415467, 0.458718945584533], [0.5412726313491389, 0.45872736865086106], [0.8243411775327142, 0.1756588224672857]]"
medium_dominated,A3,B2,M1,18,1136,606,530,84,68,16,0.07394366197183098,58.44444444444444,0.7222222222222222,0.2777777777777778,1,0.529658910883093,0.4703410891169071,"[1, 1, 1, 1, 1, 0, 0, 0, 1, 1, 1, 1, 1, 2, 2, 2, 1, 1]","[1, 1, 1, 1, 1, 0, 0, 0, 1, 1, 1, 1, 1, 2, 2, 2, 1, 1]","[0, 1, 1, 1, 1, 1, 0, 0, 0, 1, 1, 1, 1, 1, 2, 2, 2, 1]","[[0.8025, 0.19750000000000004], [0.5117408298256164, 0.48825917017438364], [0.5099388772401788, 0.49006112275982117], [0.509927525717158, 0.49007247428284195], [0.5099274516679225, 0.49007254833207753], [0.5099274511589637, 0.49007254884103646], [0.7444046382469659, 0.2555953617530341], [0.7467870040314066, 0.2532129959685933], [0.7468107808276684, 0.25318921917233167], [0.5113993841237388, 0.4886006158762613], [0.5099367732614491, 0.49006322673855096], [0.50992751247152, 0.4900724875284799], [0.5099274515815965, 0.4900725484184036], [0.509927451158371, 0.490072548841629], [0.29549815983420774, 0.7045018401657923], [0.2933135439867075, 0.7066864560132925], [0.29329171892571326, 0.7067082810742867], [0.5086738418364884, 0.49132615816351155]]"
medium_dominated,A3,B2,M2,18,1136,585,551,79,66,13,0.06954225352112677,58.72222222222222,0.7222222222222222,0.2777777777777778,1,0.5146719790761725,0.4853280209238275,"[1, 1, 1, 1, 1, 0, 0, 0, 1, 1, 1, 1, 1, 2, 2, 2, 1, 1]","[1, 1, 1, 1, 1, 0, 0, 0, 1, 1, 1, 1, 1, 2, 2, 2, 1, 1]","[0, 1, 1, 1, 1, 1, 0, 0, 0, 1, 1, 1, 1, 1, 2, 2, 2, 1]","[[0.7625, 0.23750000000000002], [0.5015784726398076, 0.49842152736019246], [0.5000094408499283, 0.49999055915007173], [0.5000000564624889, 0.4999999435375111], [0.5000000003376825, 0.49999999966231745], [0.5000000000020196, 0.4999999999979805], [0.7094896899259716, 0.29051031007402833], [0.7116209480208598, 0.2883790519791402], [0.711642228887579, 0.28835777111242095], [0.5012719197340502, 0.4987280802659499], [0.5000076073087091, 0.4999923926912909], [0.5000000454967041, 0.49999995450329604], [0.5000000002721, 0.49999999972789994], [0.5000000000016274, 0.4999999999983727], [0.29051031007406564, 0.7094896899259344], [0.2883790519791406, 0.7116209480208594], [0.28835777111242095, 0.7116422288875791], [0.49872808026594995, 0.5012719197340502]]"
medium_dominated,A3,B2,M3,18,1136,883,253,99,91,8,0.08714788732394366,57.611111111111114,0.7222222222222222,0.2777777777777778,1,0.77475038823465,0.22524961176535,"[1, 1, 1, 1, 1, 0, 0, 0, 1, 1, 1, 1, 1, 2, 2, 2, 1, 1]","[1, 1, 1, 1, 1, 0, 0, 0, 1, 1, 1, 1, 1, 2, 2, 2, 1, 1]","[0, 1, 1, 1, 1, 1, 0, 0, 0, 1, 1, 1, 1, 1, 2, 2, 2, 1]","[[0.8724999999999999, 0.12749999999999997], [0.7906043295249549, 0.2093956704750451], [0.7904328225084248, 0.2095671774915752], [0.7904352409344743, 0.20956475906552585], [0.7904352923562432, 0.2095647076437568], [0.7904352930603553, 0.20956470693964455], [0.8500000000000061, 0.14999999999999392], [0.8506246119575785, 0.14937538804242148], [0.8506309172470433, 0.14936908275295674], [0.7905071333959185, 0.2094928666040814], [0.7904326115922689, 0.2095673884077312], [0.7904352436478083, 0.20956475635219185], [0.7904352924151217, 0.20956470758487836], [0.7904352930611653, 0.20956470693883478], [0.6105832115132129, 0.38941678848678707], [0.6087720999337392, 0.3912279000662609], [0.6087540842326672, 0.39124591576733286], [0.7890535108427184, 0.21094648915728156]]"
medium_dominated,A3,B3,M1,18,1136,607,529,74,62,12,0.06514084507042253,59.0,0.7222222222222222,0.2777777777777778,1,0.5314012796300873,0.4685987203699126,"[1, 1, 1, 1, 1, 0, 0, 0, 1, 1, 1, 1, 1, 2, 2, 2, 1, 1]","[1, 1, 1, 1, 1, 0, 0, 0, 1, 1, 1, 1, 1, 2, 2, 2, 1, 1]","[0, 1, 1, 1, 1, 1, 0, 0, 0, 1, 1, 1, 1, 1, 2, 2, 2, 1]","[[0.8025, 0.19750000000000004], [0.515990990990991, 0.484009009009009], [0.513621981245159, 0.48637801875484105], [0.5136023606980461, 0.4863976393019539], [0.5136021974843449, 0.4863978025156552], [0.5136021961187749, 0.4863978038812251], [0.636643389530377, 0.363356610469623], [0.6380918591611106, 0.36190814083888945], [0.6381086107753142, 0.3618913892246858], [0.5146356628951686, 0.4853643371048314], [0.5136108064444859, 0.48638919355551424], [0.5136022682938441, 0.48639773170615597], [0.5136021967172827, 0.4863978032827173], [0.5136021961123747, 0.4863978038876253], [0.40014521534332304, 0.599854784656677], [0.39879996445338883, 0.6012000355466112], [0.3987843425039216, 0.6012156574960784], [0.5126767945736664, 0.48732320542633356]]"
medium_dominated,A3,B3,M2,18,1136,585,551,81,69,12,0.07130281690140845,58.611111111111114,0.7222222222222222,0.2777777777777778,1,0.5147041742535552,0.48529582574644475,"[1, 1, 1, 1, 1, 0, 0, 0, 1, 1, 1, 1, 1, 2, 2, 2, 1, 1]","[1, 1, 1, 1, 1, 0, 0, 0, 1, 1, 1, 1, 1, 2, 2, 2, 1, 1]","[0, 1, 1, 1, 1, 1, 0, 0, 0, 1, 1, 1, 1, 1, 2, 2, 2, 1]","[[0.7625, 0.23750000000000002], [0.5021498771498771, 0.4978501228501228], [0.5000175784781391, 0.49998242152186095], [0.5000001437278437, 0.49999985627215626], [0.5000000011751694, 0.49999999882483065], [0.5000000000096086, 0.49999999999039135], [0.6103658146207008, 0.38963418537929917], [0.6116695508636043, 0.38833044913639564], [0.6116846585266499, 0.38831534147335006], [0.5009141385500344, 0.49908586144996564], [0.500007474406049, 0.49999252559395113], [0.5000000611133781, 0.4999999388866218], [0.5000000004996845, 0.4999999995003156], [0.5000000000040856, 0.4999999999959144], [0.3896341853794555, 0.6103658146205445], [0.3883304491363974, 0.6116695508636025], [0.3883153414733501, 0.6116846585266499], [0.4990858614499657, 0.5009141385500343]]"
medium_dominated,A3,B3,M3,18,1136,865,271,108,103,5,0.09507042253521127,57.111111111111114,0.7222222222222222,0.2777777777777778,1,0.7645215419943618,0.23547845800563807,"[1, 1, 1, 1, 1, 0, 0, 0, 1, 1, 1, 1, 1, 2, 2, 2, 1, 1]","[1, 1, 1, 1, 1, 0, 0, 0, 1, 1, 1, 1, 1, 2, 2, 2, 1, 1]","[0, 1, 1, 1, 1, 1, 0, 0, 0, 1, 1, 1, 1, 1, 2, 2, 2, 1]","[[0.8724999999999999, 0.12749999999999997], [0.769103194103194, 0.2308968058968059], [0.7683911618760199, 0.23160883812398017], [0.7683868419066298, 0.23161315809337024], [0.7683868233201162, 0.23161317667988376], [0.7683868233546106, 0.23161317664538933], [0.8027003651626435, 0.19729963483735646], [0.8031357010785671, 0.19686429892143292], [0.803140945034664, 0.1968590549653359], [0.7685849924792291, 0.2314150075207709], [0.7683874821754276, 0.23161251782457237], [0.7683868180305832, 0.23161318196941688], [0.7683868231940952, 0.23161317680590476], [0.7683868233543513, 0.23161317664564873], [0.6765680055962503, 0.32343199440374976], [0.6755133572344492, 0.3244866427655508], [0.6755013352899213, 0.32449866471007865], [0.7675402627077612, 0.23245973729223873]]"
